去产能行业司机活跃在平台 滴滴成去产能转型就业缓冲样本,http://www.ce.cn/cysc/newmain/yc/jsxw/201612/26/t20161226_19135669.shtml,中国经济网,5小时前
评论:滴滴和凡客一样用钱砸出盛世平台 错在太快错在贪婪,http://finance.sina.com.cn/review/jcgc/2016-12-26/doc-ifxyxury8691268.shtml,新浪财经,14小时前
滴滴、美团等获58卓越雇主奖,http://news.163.com/16/1226/01/C963L2IK000187VI.html,网易新闻,21小时前
贵阳滴滴出租车入选“红马甲”优质服务车 大数据手段提升服务水平,http://www.donews.com/news/detail/4/2945221.html,DoNews,6小时前
"共享出行,共享安全 滴滴携手凡科打造安全梦工厂",http://news.163.com/16/1226/15/C97K0P65000187VF.html,网易新闻,7小时前
大连:这个滴滴司机胆真大 酒驾还拉客,http://liaoning.nen.com.cn/system/2016/12/26/019557332.shtml,东北新闻网,7小时前
238.4萬去產能行業司機活躍在平台 滴滴成去產能轉型就業緩沖樣本,http://it.people.com.cn/BIG5/n1/2016/1226/c1009-28977945.html,人民网,5小时前
唐嫣罗晋公开恋情滴滴蹭热点催婚双方,http://www.techweb.com.cn/irouter/2016-12-26/2461604.shtml,Techweb,10小时前
“变身”圣诞雪橇 南昌滴滴出租车福利来袭,http://nc.house.sina.com.cn/news/2016-12-26/12396219008450790489358.shtml?wt_source=newshp_news_06,新浪地产网,9小时前
南宁:滴滴打车出车祸 讨说法一拖再拖,http://www.gxnews.com.cn/staticpages/20161226/newgx58607bde-15815353.shtml?pcview=1,广西新闻网,12小时前
坐滴滴游芬兰 体验冰雪北欧之旅,http://news.cqnews.net/szb/2016-12/26/content_40035401.htm,华龙网,11小时前
滴滴总裁柳青入选“全球女性领袖榜”,http://www.wokeji.com/index/renwu/2016-12/26/content_495025.shtml,中国科技网,12小时前
滴滴与美团等入选2016年度卓越雇主百强榜单_南方快报_南方网,http://news.k618.cn/society/201612/t20161226_9866590.html,未来网,5小时前
滴滴与美团等入选2016年度卓越雇主百强榜单,http://kb.southcn.com/content/2016-12/26/content_162433426.htm,南方网,5小时前
滴滴理财:破解雾霾难题 绿色金融可助一臂之力,http://www.senn.com.cn/sx/2016/12/26/173666.html,南方企业新闻网,6小时前
外媒:中国网约车新规对滴滴的外地司机造成威胁,http://news.zol.com.cn/620/6209462.html?t=1482658536995,中关村在线,2016年12月24日,05:00
滴滴入股饿了么落实 汽车配送靠谱吗,http://www.vmeti.com/uncategorized/126327.html,微媒体,2016年12月25日,10:21
南宁:滴滴打车出车祸 讨说法一拖再拖,http://www.gxnews.com.cn/staticpages/20161225/newgx585f27b8-15812608.shtml?winzoom=1,广西新闻网,2016年12月25日,09:00
"滴滴再受“打击”,帝都网约车考试加入英语听力?",http://www.niuche.com/news/detail_498965.html,牛车网,2016年12月25日,15:00
滴滴柳青入选《财富》2016中国最具影响力的25位商界女性榜,http://news.zol.com.cn/620/6209376.html?tml=guess,中关村在线,2016年12月23日,18:00
京沪出台网约车新政 滴滴们和用户该如何面对,http://it.sohu.com/20161223/n476692016.shtml,搜狐科技,2016年12月23日,00:05
京沪发布网约车新政 滴滴易到受益 神州有点受伤,http://it.21cn.com/itnews/a/2016/1223/16/31809729.shtml?t=1482649311740,21CN,2016年12月23日,16:21
滴滴出行获评央广网2016年度最具影响力出行APP,http://www.cnr.cn/tech/techgd/20161222/t20161222_523379895.shtml,中国广播网,2016年12月22日,21:00
滴滴出行副总裁王欣:2017年将会是分享经济爆发之年,http://www.cnr.cn/tech/techgd/20161222/t20161222_523377030.shtml,中国广播网,2016年12月22日,11:00
滴滴推小巴业务 大数据运算成其新亮点,http://news.163.com/16/1222/16/C8TDIPTG00014JB5.html,网易新闻,2016年12月22日,16:47
"京沪网约车新规终出世,“滴滴们”未来走向何方",http://tech.ifeng.com/a/20161222/44519868_0.shtml,凤凰科技,2016年12月22日,06:00
滴滴小巴上线:无奈的妥协还是真救命稻草,http://it.sohu.com/20161222/n476683971.shtml,搜狐科技,2016年12月22日,21:53
滴滴推小巴业务 大数据运算成其新亮点,http://it.21cn.com/itroll/zhnb/2016/1222/18/31806261.shtml,21CN,2016年12月22日,18:00
滴滴:野蛮生长的背后,http://it.sohu.com/20161222/n476594914.shtml,搜狐科技,2016年12月22日,09:39
京人京车版网约车新政出炉 滴滴称将实现平稳过渡,http://www.cs.com.cn/xwzx/cj/201612/t20161222_5132434.html,中证网,2016年12月22日,15:00
又一只独角兽诞生了 货运界“滴滴”货车帮估值达10亿美元,http://money.163.com/16/1222/15/C8TAQ87Q002580S6.html,网易财经,2016年12月22日,15:27
"早教品牌如何选择,为您揭秘济南金宝贝的点点滴滴",http://news.163.com/16/1222/14/C8T942HO00014SEH.html,网易新闻,2016年12月22日,14:43
40岁以下商界精英 滴滴美团饿了么老板均在最小25岁,http://chenyongjun.baijia.baidu.com/article/732911,百度百家,2016年12月23日,08:00
踏入悠久的李子坝 探寻被你遗忘的点点滴滴,http://life.cqnews.net/html/2016-12/23/content_39989758.htm,华龙网,2016年12月23日,06:40
网约车新政重创滴滴 神州专车陆正耀心情最舒畅,http://www.cnii.com.cn/mobileinternet/2016-12/22/content_1806426.htm,中国信息产业网,2016年12月22日,08:51
"你可能坐不起滴滴豪车,但可以听听豪车司机们的故事",http://www.donews.com/article/detail/4089/9531.html,DoNews,2016年12月22日,08:56
"京沪网约车新政出台:滴滴意外反转,神州黄粱一梦",http://it.sohu.com/20161222/n476636468.shtml,搜狐科技,2016年12月22日,15:35
我省搭建物流版“滴滴”平台 - 泉州晚报数字报·泉州网,http://szb.qzwb.com/qzwb/html/2016-12/22/content_295461.htm,泉州网,2016年12月22日,10:19
"实施细则尘埃落定,喜不上眉梢,愁不过滴滴!",http://www.itbear.com.cn/html/2016-12/195551.html,ITBear科技资讯,2016年12月22日,16:37
马大哈失主丢钱包滴滴师傅帮送回,http://www.tlnews.com.cn/xwpd/msmq/content/2016-12/22/content_6102066.htm,桐庐新闻网,2016年12月22日,08:34
"天啦噜!女大学生因给“滴滴”司机差评,竟被司机……",http://news.dahe.cn/2016/12-23/108004433.html,大河网,2016年12月23日,12:00
滴滴出行敢扶公益蓉城车队正式成立,http://news.k618.cn/society/201612/t20161223_9834125.html,未来网,2016年12月23日,11:03
唐嫣罗晋公开恋情引关注 滴滴vivo变身段子手!,http://www.techweb.com.cn/irouter/2016-12-23/2461043.shtml,Techweb,2016年12月23日,20:19
"京沪网约车新规终出世,“滴滴们”未来走向何方",http://tech.ifeng.com/a/20161222/44519868_0.shtml,凤凰科技,2016年12月22日,06:00
踏入悠久的李子坝 探寻被你遗忘的点点滴滴,http://www.cq.xinhuanet.com/2016-12/23/c_1120172177.htm,新华网重庆站,2016年12月23日,08:55
商务部回应滴滴优步中国合并:依法进行调查,http://news.dahe.cn/2016/12-23/108011232.html,大河网,2016年12月23日,18:00
A级车基本不能开网约车 超9成滴滴司机将流失,http://news.xyw.gov.cn/qiche/2016-12-23/1800812.html,信阳网,2016年12月23日,15:22
滴滴理财:互金行业年度蓝皮书发布 后监督时代令人期待,http://www.cinic.org.cn/site951/zhpd/2016-12-23/846246.shtml,中国产业经济信息网,2016年12月23日,14:23
"预约“滴滴”“优步”之前,这几个法律问题一定要知道!",http://news.dahe.cn/2016/12-23/108005230.html,大河网,2016年12月23日,12:00
滴滴推小巴业务 大数据运算成其新亮点,http://it.21cn.com/itroll/zhnb/2016/1222/18/31806261.shtml,21CN,2016年12月22日,18:00
京人京车版网约车新政出炉 滴滴称将实现平稳过渡,http://www.cs.com.cn/xwzx/cj/201612/t20161222_5132434.html,中证网,2016年12月22日,15:00
又一只独角兽诞生了 货运界“滴滴”货车帮估值达10亿美元,http://money.163.com/16/1222/15/C8TAQ87Q002580S6.html#from=keyscan,网易财经,2016年12月22日,15:27
"早教品牌如何选择,为您揭秘济南金宝贝的点点滴滴",http://news.163.com/16/1222/14/C8T942HO00014SEH.html,网易新闻,2016年12月22日,14:43
携手滴滴途牛—安徽老庙黄金荣获金麦奖品牌大奖,http://www.ah.chinanews.com/news/2016/1223/42783.shtml,中国新闻网安徽站,2016年12月23日,18:00
智能客服渗透叫车平台易到、滴滴、首汽哪家的客服更聪明?,http://www.newskj.org/kejixun/2016122381569.html,每日科技网,2016年12月23日,17:34
网约车新政出台滴滴快车失去优势?滴滴模式仍在前进,http://www.zhicheng.com/n/20161223/114461.html,至诚财经网,2016年12月23日,09:41
40岁以下商界精英 滴滴美团饿了么老板均在最小25岁,http://chenyongjun.baijia.baidu.com/article/732911,百度百家,2016年12月23日,08:00
踏入悠久的李子坝 探寻被你遗忘的点点滴滴,http://life.cqnews.net/html/2016-12/23/content_39989758.htm,华龙网,2016年12月23日,06:40
iOS 开发周报: Apple 双卡专利曝光、DynamicCocoa:滴滴 iOS 动态...,http://www.infoq.com/cn/news/2016/12/iOS-weekly-DynamicCocoa?utm_source=tuicool&utm_medium=referral,InfoQ,2016年12月23日,08:12
网约车新政重创滴滴 神州专车陆正耀心情最舒畅,http://www.cnii.com.cn/mobileinternet/2016-12/22/content_1806426.htm,中国信息产业网,2016年12月22日,08:51
网约车新政重创滴滴 神州专车陆正耀心情最舒畅,http://www.cnii.com.cn/mobileinternet/2016-12/22/content_1806426.htm,中国信息产业网,2016年12月22日,08:51
"你可能坐不起滴滴豪车,但可以听听豪车司机们的故事",http://www.donews.com/article/detail/4089/9531.html,DoNews,2016年12月22日,08:56
我省搭建物流版“滴滴”平台 - 泉州晚报数字报·泉州网,http://szb.qzwb.com/qzwb/html/2016-12/22/content_295461.htm,泉州网,2016年12月22日,10:19
"实施细则尘埃落定,喜不上眉梢,愁不过滴滴!",http://www.itbear.com.cn/html/2016-12/195551.html,ITBear科技资讯,2016年12月22日,16:37
滴滴:行在移动 走在路上,http://www.cac.gov.cn/2016-12/22/c_1120161701.htm,中国网信网,2016年12月22日,14:31
马大哈失主丢钱包滴滴师傅帮送回,http://www.tlnews.com.cn/xwpd/msmq/content/2016-12/22/content_6102066.htm,桐庐新闻网,2016年12月22日,08:34
岛城600余名的哥加入滴滴车队,http://bddsb.bandao.cn/pc/bddsb/20161222/ArticelA19004YQ.htm,半岛都市报,2016年12月22日,00:00
[新疆新闻联播]人人创建文明城 滴滴爱意暖边城,http://news.cctv.com/2016/12/22/VIDEGe7hsaqaJ2NXkaHxRWQw161222.shtml,cctv新闻,2016年12月22日,01:17
滴滴司机捡到巨款归还失主 - 西海都市报数字报刊平台,http://epaper.tibet3.com/xhdsb/html/2016-12/22/content_367920.htm,西海都市报,2016年12月22日,15:06
"滴滴被评为最佳雇主,折射雇佣关系新变革",http://yufenghui.baijia.baidu.com/article/731595,百度百家,2016年12月22日,08:00
滴滴回应京沪网约车细则:希望与司机用户共同实现平稳过渡,http://tech.qq.com/a/20161221/032608.htm?utm_source=itdadao&utm_medium=referral,腾讯科技,2016年12月21日,16:00
首个滴滴候车厅将亮相西宁,http://auto.ifeng.com/xining/xinwen/2016122111255.shtml,凤凰汽车,2016年12月21日,13:14
"为了撑起1899亿元估值,滴滴正在打一场短途需求保卫战",http://news.zol.com.cn/620/6203339.html,中关村在线,2016年12月21日,08:00
"滴滴回应网约车新规施行,将“平稳过渡”",http://news.sina.com.cn/c/2016-12-21/doc-ifxyxqsk6312842.shtml,新浪新闻,2016年12月21日,17:00
滴滴回应网约车新政:期待政策广纳民意,http://tech.163.com/16/1221/16/C8QT2FT400097U7R.html,网易科技,2016年12月21日,16:40
"滴滴回应网约车新规施行,将“平稳过渡”",http://news.163.com/16/1221/18/C8R4DS6R000187VI.html,网易新闻,2016年12月21日,17:00
"京沪网约车政策落地,滴滴大限已到?",http://news.pedaily.cn/201612/20161222407073_all.shtml,投资界,2016年12月22日,14:00
"滴滴们的坏消息,进入政策趋严的后专车时代",http://technews.cn/?p=163826,科技新报,2016年12月22日,10:00
京沪网约车新政实施:滴滴等平台/司机/乘客啥反应?,http://www.ec.com.cn/article/otoo/201612/13499_1.html,中国国际电子商务网,2016年12月22日,09:53
京沪网约车新政实施:滴滴等平台/司机/乘客啥反应?,http://www.zhicheng.com/n/20161222/114215.html,至诚财经网,2016年12月22日,09:41
迈腾(进口)最新动态 | 大众汽车为什么选择与滴滴成立合资公司?车...,http://www.igeek.com.cn/103/20161222/news_572747.html,爱极客,2016年12月22日,12:42
"后专车时代,滴滴转型五大猜想",http://www.cnii.com.cn/mobileinternet/2016-12/21/content_1806382.htm,中国信息产业网,2016年12月21日,18:20
"凛冬已至,滴滴如何用梦想抵抗现实",http://www.techweb.com.cn/news/2016-12-21/2458653.shtml,Techweb,2016年12月21日,17:08
【大声】滴滴是共享经济吗?,http://www.techweb.com.cn/news/2016-12-21/2455934.shtml,Techweb,2016年12月21日,16:48
滴滴回应京沪网约车细则:希望与司机用户共同实现平稳过渡,http://36kr.com/newsflashes/35926,36kr,2016年12月21日,16:45
滴滴:更多车辆符合新政要求,http://news.ynet.com/3.1/1612/21/12166278.html,北青网,2016年12月21日,16:36
我要给这样的滴滴师傅点个赞,http://www.tlnews.com.cn/xwpd/tlxw/content/2016-12/21/content_6101800.htm,桐庐新闻网,2016年12月21日,14:12
首个滴滴候车厅将亮相西宁,http://news.xntv.tv/x/2016-12-21/63412.html,西宁网络..,2016年12月21日,10:22
校园招聘(36)——滴滴出行,http://news.sdust.edu.cn/content__1439DB60FF296EDF518FA1CDBCDD0DD9.htm,山东科技大学,2016年12月21日,09:24
三男劫持滴滴专车 途径乐广高速出车祸,http://qy.southcn.com/content/2016-12/21/content_162070004.htm,南方网,2016年12月21日,07:00
要做家政领域的“滴滴” 云家政拟2019年赴纳斯达克上市,http://www.ceweekly.cn/2016/1221/175046.shtml,经济网,2016年12月21日,09:00
京沪网约车新政放宽:滴滴易到受益 神州最受伤,http://www.chinaz.com/news/2016/1221/631479.shtml,站长之家,2016年12月21日,21:31
北京上海网约车细则公布:滴滴优步回应,http://www.techweb.com.cn/internet/2016-12-21/2458570.shtml,Techweb,2016年12月21日,17:51
滴滴回应京沪网约车细则:希望未来地方政策更加符合当地实际情况,http://cn.technode.com/post/2016-12-21/didi-17/page/2/,动点科技,2016年12月21日,17:54
让每一公里都有好服务 2016滴滴出租车司机答谢会启动,http://hf.house.sina.com.cn/scan/2016-12-21/11016217172010481798179.shtml,新浪网,2016年12月21日,11:04
滴滴滴滴滴滴滴00000,http://tech.163.com/16/1220/17/C8OBV14O00097UF4.html,网易科技,2016年12月20日,17:12
滴滴 用互联网的力量改变出行!,http://www.ce.cn/cysc/newmain/yc/jsxw/201612/20/t20161220_18879682.shtml,中国经济网,2016年12月20日,13:00
滴滴小巴业务上线布局短途拼车出行,http://money.163.com/16/1220/00/C8MHIH8A002580S6.html#from=keyscan,网易财经,2016年12月20日,04:04
滴滴小巴入局 谁能赢得出行最后3公里?,http://finance.sina.com.cn/stock/t/2016-12-20/doc-ifxytqqn9005088.shtml,新浪财经,2016年12月20日,01:18
山西焦煤牵手滴滴出行 助企业转岗分流人员再就业,http://sx.people.com.cn/n2/2016/1221/c189132-29497030.html,人民网山西频道,2016年12月21日,23:00
"2017年,共享单车领域会出现下一个滴滴快的吗?",http://www.lieyunwang.com/archives/252001,猎云网,2016年12月20日,10:38
Uber Q3亏损放缓 将优步卖给滴滴见效果,http://mobile.163.com/16/1221/07/C8PU338O00118024.html,网易手机,2016年12月21日,05:00
不只是货运滴滴 运创租车以七网融合助推物流业智能化发展,http://www.yuncaijing.com/news/id_7713345.html,云财经,2016年12月20日,12:14
滴滴,http://technews.cn/tag/%E6%BB%B4%E6%BB%B4/,科技新报,2016年12月14日,18:19
滴滴出行,http://www.cheyun.com/tags/didichuxing,车云网,2016年12月14日,08:16
【重磅】一图看懂“滴滴帝国” 四年凭啥估值350亿美元?,http://news.cnfol.com/it/20161208/23952100.shtml,中金在线,2016年12月08日,12:24
武汉人坐滴滴每天能省136万,http://whwb.cjn.cn/html/2016-12/09/content_5578308.htm,武汉晚报,2016年12月09日,06:24
“滴滴滴滴”是QQ专响?,http://fujian.hexun.com/2016-12-08/187247909.html,和讯网,2016年12月08日,07:43
腾讯注册“滴滴滴滴滴滴”失败 怒诉商评委,http://cio.zol.com.cn/618/6188492.html,中关村在线,2016年12月07日,09:24
"别了,滴滴!",http://business.sohu.com/20161107/n472544136.shtml,搜狐财经,2016年11月07日,21:17
滴滴司机的苦与乐,http://news.163.com/16/1028/07/C4ER0RUM000187VI.html,网易新闻,2016年10月28日,07:59
"角逐最后120个小时,滴滴、Uber、易到命运各不同",http://business.sohu.com/20161026/n471398822.shtml,搜狐财经,2016年10月26日,16:42
网约车新政下的滴滴:没那么不堪也没那么伟大,http://money.163.com/16/1016/15/C3GR36HE002580S6.html,网易财经,2016年10月16日,15:00
"滴滴总裁柳青谈打车大战:这是场困难的比赛,但我们乐在其中",http://tech.qq.com/a/20161026/021111.htm,腾讯科技,2016年10月26日,11:00
滴滴已死,http://finance.sina.com.cn/roll/2016-10-11/doc-ifxwrhzc8989028.shtml,新浪财经,2016年10月11日,09:29
"限户限牌,还有谁能开“滴滴”",http://news.sina.com.cn/o/2016-10-11/doc-ifxwrhzc8984847.shtml,新浪新闻,2016年10月11日,09:46
"新规即出,滴滴生不如死!",http://money.163.com/16/1010/22/C3251167002580S6.html,网易财经,2016年10月10日,22:10
"滴滴打车终于明白,该给的钱不能省",http://business.sohu.com/20161010/n469896075.shtml,搜狐财经,2016年10月10日,16:16
"“滴滴一下,马上出发”会成为过去吗?",http://tech.163.com/16/1010/16/C31E4OR900097U7R.html,网易科技,2016年10月10日,16:16
滴滴司机被罚3万元 因未赶上新政出台?,http://news.163.com/16/1010/05/C30B7KUM00014SEH.html,网易新闻,2016年10月10日,05:04
滴滴,http://technews.cn/tag/%E6%BB%B4%E6%BB%B4/,科技新报,2016年12月14日,18:19
滴滴出行,http://www.cheyun.com/tags/didichuxing,车云网,2016年12月14日,08:16
【重磅】一图看懂“滴滴帝国” 四年凭啥估值350亿美元?,http://news.cnfol.com/it/20161208/23952100.shtml?_k=po2vqu,中金在线,2016年12月08日,12:24
武汉人坐滴滴每天能省136万,http://whwb.cjn.cn/html/2016-12/09/content_5578308.htm,武汉晚报,2016年12月09日,06:24
腾讯注册“滴滴滴滴滴滴”失败 怒诉商评委,http://cio.zol.com.cn/618/6188492.html,中关村在线,2016年12月07日,09:24
"别了,滴滴!",http://business.sohu.com/20161107/n472544136.shtml,搜狐财经,2016年11月07日,21:17
滴滴司机的苦与乐,http://news.163.com/16/1028/07/C4ER0RUM000187VI.html,网易新闻,2016年10月28日,07:59
"角逐最后120个小时,滴滴、Uber、易到命运各不同",http://business.sohu.com/20161026/n471398822.shtml,搜狐财经,2016年10月26日,16:42
网约车新政下的滴滴:没那么不堪也没那么伟大,http://money.163.com/16/1016/15/C3GR36HE002580S6.html,网易财经,2016年10月16日,15:00
"滴滴总裁柳青谈打车大战:这是场困难的比赛,但我们乐在其中",http://tech.qq.com/a/20161026/021111.htm,腾讯科技,2016年10月26日,11:00
滴滴已死,http://finance.sina.com.cn/roll/2016-10-11/doc-ifxwrhzc8989028.shtml,新浪财经,2016年10月11日,09:29
"限户限牌,还有谁能开“滴滴”",http://news.sina.com.cn/o/2016-10-11/doc-ifxwrhzc8984847.shtml,新浪新闻,2016年10月11日,09:46
"新规即出,滴滴生不如死!",http://money.163.com/16/1010/22/C3251167002580S6.html,网易财经,2016年10月10日,22:10
"滴滴打车终于明白,该给的钱不能省",http://business.sohu.com/20161010/n469896075.shtml,搜狐财经,2016年10月10日,16:16
"“滴滴一下,马上出发”会成为过去吗?",http://tech.163.com/16/1010/16/C31E4OR900097U7R.html,网易科技,2016年10月10日,16:16
滴滴司机被罚3万元 因未赶上新政出台?,http://news.163.com/16/1010/05/C30B7KUM00014SEH.html,网易新闻,2016年10月10日,05:04
"新政穹顶之下,滴滴或将面对5大变化,拼车模式将被消灭",http://money.163.com/16/1009/15/C2UOGQHP002580S6.html,网易财经,2016年10月09日,15:00
滴滴打车贵了“滴滴单车”上线,http://news.163.com/16/1014/06/C3ALH7I500014SEH.html,网易新闻,2016年10月14日,06:01
滴滴优步合并资本最终露出牙齿,http://business.sohu.com/20161008/n469726228.shtml,搜狐财经,2016年10月08日,15:37
政策之下谣言四起:滴滴本月跟专车快车司机解约?,http://money.163.com/16/1012/08/C35OODIO002580T4.html,网易财经,2016年10月12日,08:44
"网约车新政落地,滴滴改作相亲行业?",http://auto.sohu.com/20161010/n469911019.shtml,搜狐汽车,2016年10月10日,18:24
北上广深专车新政细则出台 为何只有滴滴“顶硬上”?,http://news.163.com/16/1010/05/C30B7H7G00014SEH.html,网易新闻,2016年10月10日,05:03
网约车新政落地首日滴滴回应:将进一步与主管部门沟通交流,http://tech.sina.com.cn/i/2016-11-01/doc-ifxxfysn8362090.shtml,新浪科技,2016年11月01日,11:00
滴滴与优步中国合并 巨头并购的垄断边界争议,http://money.163.com/16/1001/13/C29UFPUR002580T4.html,网易财经,2016年10月01日,13:09
滴滴顺风车改版 想留住谁?,http://news.163.com/16/0930/10/C2728ENC00014AEE.html,网易新闻,2016年09月30日,10:00
"打车费将翻倍,100万司机将失业!打败滴滴的竟然只是一纸公文?",http://business.sohu.com/20161011/n470015699.shtml,搜狐财经,2016年10月11日,19:12
网约车新政:是时候和滴滴说再见了? | 汽车商业评论,http://auto.sohu.com/20161010/n469930994.shtml,搜狐汽车,2016年10月10日,21:32
"网约车地方政策那么严,留给滴滴们的时间不多了?",http://auto.sohu.com/20161010/n469870553.shtml,搜狐汽车,2016年10月10日,12:02
滴滴称数百万司机或将失去工作!交通委回应草案!,http://auto.sohu.com/20161009/n469832293.shtml,搜狐汽车,2016年10月09日,21:59
滴滴回应网约车新规:车费将翻倍 打车难会重现,http://money.sohu.com/20161009/n469765409.shtml,搜狐理财,2016年10月09日,09:55
滴滴声明:网约车司机数量减少40倍、收入减少70%?,http://money.163.com/16/1008/17/C2SF7CO300253B0H.html,网易财经,2016年10月08日,17:00
滴滴快车抢单王 自曝月入过万元,http://news.163.com/16/0923/06/C1KJ7BJV00014SEH.html,网易新闻,2016年09月23日,06:53
滴滴涨价5-10% 专家:政策就是如此,http://auto.163.com/16/0919/11/C1ATHB2E000887AJ.html,网易汽车,2016年09月19日,11:03
好车那么多 自己却连滴滴司机都做不了,http://auto.sohu.com/20161010/n469879906.shtml,搜狐汽车,2016年10月10日,14:10
滴滴优步合并下的涨价:还能不能“美好出行”?,http://business.sohu.com/20160923/n469033697.shtml,搜狐财经,2016年09月23日,15:15
网约车细则会干死滴滴?谁会成为最大受益方?,http://auto.ifeng.com/quanmeiti/20161009/1068836.shtml,凤凰汽车,2016年10月09日,21:51
感谢北京市府让我有做滴滴司机的资格,http://news.sina.com.cn/zl/2016-10-09/doc-ifxwrhpn9448661.shtml,新浪新闻,2016年10月09日,11:32
滴滴对网约车意见稿大动肝火背后的“不成熟”,http://www.huxiu.com/article/166252.html,虎嗅网,2016年10月09日,09:00
低于10万的车要被滴滴出行清退?,http://news.163.com/16/0922/13/C1IRTS9400014Q4P.html,网易新闻,2016年09月22日,13:48
回应多地网约车新政:滴滴强硬 易到委婉 神州沉默,http://finance.qq.com/a/20161008/036974.htm,腾讯财经,2016年10月08日,20:00
"跑了不到3公里,滴滴专车收费51元",http://news.163.com/16/0903/14/C0203QBL00014Q4P.html,网易新闻,2016年09月03日,14:14
滴滴顺风车涨价20% 背后的原因不只是合并,http://business.sohu.com/20160908/n467979170.shtml,搜狐财经,2016年09月08日,16:26
滴滴、优步、易到...打车哪家最省钱?测试给你答案,http://money.163.com/16/0901/23/BVTOLBON00253B0H.html,网易财经,2016年09月01日,22:00
"内幕:被滴滴收购前后,Uber中国不为人知的经历",http://www.leiphone.com/news/201609/ngfCtfI9r6lFTyHj.html,雷锋网,2016年09月14日,14:08
以后用滴滴叫专车 可能会来一辆出租车接你,http://mobile.163.com/16/0831/18/BVQLOPLK00118023.html,网易手机,2016年08月31日,18:03
以后用滴滴叫专车 可能会来一辆出租车接你,http://mobile.163.com/16/0831/18/BVQLOPLK00118023.html,网易手机,2016年08月31日,18:03
滴滴快车一单未接 自己司机号却冒出11张罚单,http://news.163.com/16/0905/10/C06M4LIG00014AEE.html,网易新闻,2016年09月05日,08:45
租车开滴滴: 承诺“月入过万” 结果入不敷出?,http://news.163.com/16/0920/02/C1CGUML700014Q4P.html,网易新闻,2016年09月20日,02:33
刘翔怒告滴滴要赔偿126万:滴滴如此回应,http://tech.ifeng.com/a/20160830/44444202_0.shtml,凤凰科技,2016年08月30日,06:00
"春天又走了?专车司机要持证上岗,滴滴们心里苦",http://business.sohu.com/20160912/n468243660.shtml,搜狐财经,2016年09月12日,12:45
"网约车新政出台段子手也来了,滴滴易到如何回应?",http://it.sohu.com/20161010/n469886056.shtml,搜狐科技,2016年10月10日,13:28
滴滴顺风车乘客能选择车主了 称涨价是想让司机赚更多钱,http://finance.sina.com.cn/roll/2016-09-19/doc-ifxvykwk5190591.shtml,新浪财经,2016年09月19日,21:13
"索赔126万系炒作!""滴滴""就侵权使用刘翔肖像道歉",http://sports.163.com/16/0829/20/BVLP3EAH00051CAQ.html,网易体育,2016年08月29日,20:49
滴滴分开计价“换汤不换药” 单子、奖励减少让司机不满,http://digi.163.com/16/0829/10/BVKLQREC00162OUT.html,网易数码,2016年08月29日,10:31
新华社:对滴滴收购优步就该一查到底 才有利公平,http://news.zol.com.cn/602/6027581.html,中关村在线,2016年09月03日,15:00
北京、上海、广州:滴滴再见;成都:滴滴你好,http://36kr.com/p/5054563.html,36kr,2016年10月15日,15:00
北京市民滴滴打车4公里被收1700多元 正常10多元,http://www.cs.com.cn/xwzx/ms/201609/t20160902_5048657.html,中证网,2016年09月02日,16:00
"京沪要求网约车“本地户籍”,滴滴强势回应,你怎么看?",http://it.sohu.com/20161008/n469753250.shtml,搜狐科技,2016年10月08日,21:17
神州专车叫板滴滴优步:向第三方司机开放 永不抽成,http://finance.sina.com.cn/roll/2016-09-24/doc-ifxwermp3784016.shtml,新浪财经,2016年09月24日,09:47
"滴滴出行官微致歉刘翔,但后者表示不接受",http://money.163.com/16/0830/18/BVO52EG2002580S6.html,网易财经,2016年08月30日,18:00
打“滴滴”遇天价车费 4公里1728元,http://news.sina.com.cn/sf/news/2016-08-24/doc-ifxvcsrn9090593.shtml,新浪新闻,2016年08月24日,09:42
注册滴滴快车却发现车牌号已被占用,http://news.sina.com.cn/c/2016-08-29/doc-ifxvitex9152932.shtml,新浪新闻,2016年08月29日,01:49
滴滴价格涨6成 仅杭州每天多增收700万,http://auto.ifeng.com/tianjin/xinwen/2016/0823/21531.shtml,凤凰汽车,2016年08月23日,15:05
除代驾外 滴滴宣布正式进入租车领域,http://auto.163.com/16/0823/09/BV54MACT000859EU.html,网易汽车,2016年08月23日,09:16
滴滴上线租车业务 不小心吓坏了神州,http://yude.baijia.baidu.com/article/602871,百度百家,2016年08月28日,12:00
"跟着滴滴,学写危机公关声明?",http://www.jiemian.com/article/888411.html,界面新闻,2016年10月08日,23:00
滴滴盈利模式新变局:正式进军在线租车,http://finance.sina.com.cn/chanjing/2016-08-22/doc-ifxvcsrn8946881.shtml,新浪财经,2016年08月22日,20:08
滴滴盈利模式新变局:正式进军在线租车,http://finance.sina.com.cn/chanjing/2016-08-22/doc-ifxvcsrn8946881.shtml,新浪财经,2016年08月22日,20:08
滴滴进军在线租车领域 可免费送车上门,http://tech.qq.com/a/20160822/037657.htm,腾讯科技,2016年08月22日,16:00
"网约车合法未不能保证滴滴""安全"" 四重风险仍存",http://money.163.com/16/0822/15/BV360MR400252G50.html,网易财经,2016年08月22日,15:56
滴滴Uber合并后越来越贵 嘟嘟巴士:这是我们机会,http://tech.163.com/16/0827/21/BVGLP4BM00097U7V.html,网易科技,2016年08月27日,21:33
4城市发布网约车新政 滴滴回应:数百万司机或失去工作机会,http://stock.hexun.com/2016-10-09/186325216.html,和讯,2016年10月09日,07:03
广州滴滴注册司机近50万 逾五成月入不足两千元,http://finance.sina.com.cn/chanjing/gsnews/2016-08-25/doc-ifxvixeq0426849.shtml,新浪财经,2016年08月25日,08:35
广州近50万人成为滴滴司机 月收入2千以下占57.3%,http://money.163.com/16/0824/16/BV8FTOHH00253B0H.html,网易财经,2016年08月24日,15:00
滴滴取消司机20%抽成?大家想多了,http://business.sohu.com/20160818/n464915082.shtml,搜狐财经,2016年08月18日,21:16
"滴滴计价新规遭误读,取消20%的抽成不现实",http://money.163.com/16/0818/18/BUP8CIIC00253B0H.html,网易财经,2016年08月18日,18:00
滴滴涨价后再出招:司乘分开计价 司机称收入未涨,http://money.163.com/16/0818/16/BUOVVMRR00254TFQ.html,网易财经,2016年08月18日,16:08
滴滴计价方式大调整:取消对司机20%抽成,http://money.163.com/16/0818/12/BUOKMA5V002526O3.html,网易财经,2016年08月18日,12:45
打车还送快递?中国邮政宣布战略投资滴滴,http://www.pconline.com.cn/autotech/826/8269120.html,太平洋电脑网,2016年08月18日,09:00
"滴滴获中国邮政投资,他们要干什么",http://xiepeng.baijia.baidu.com/article/589150,百度百家,2016年08月17日,18:00
"跟着滴滴,学写危机公关声明?",http://www.jiemian.com/article/888411.html,界面新闻,2016年10月08日,23:00
滴滴盈利模式新变局:正式进军在线租车,http://finance.sina.com.cn/chanjing/2016-08-22/doc-ifxvcsrn8946881.shtml,新浪财经,2016年08月22日,20:08
滴滴盈利模式新变局:正式进军在线租车,http://finance.sina.com.cn/chanjing/2016-08-22/doc-ifxvcsrn8946881.shtml,新浪财经,2016年08月22日,20:08
滴滴进军在线租车领域 可免费送车上门,http://tech.qq.com/a/20160822/037657.htm,腾讯科技,2016年08月22日,16:00
"网约车合法未不能保证滴滴""安全"" 四重风险仍存",http://money.163.com/16/0822/15/BV360MR400252G50.html,网易财经,2016年08月22日,15:56
滴滴Uber合并后越来越贵 嘟嘟巴士:这是我们机会,http://tech.163.com/16/0827/21/BVGLP4BM00097U7V.html,网易科技,2016年08月27日,21:33
4城市发布网约车新政 滴滴回应:数百万司机或失去工作机会,http://stock.hexun.com/2016-10-09/186325216.html,和讯,2016年10月09日,07:03
广州滴滴注册司机近50万 逾五成月入不足两千元,http://finance.sina.com.cn/chanjing/gsnews/2016-08-25/doc-ifxvixeq0426849.shtml,新浪财经,2016年08月25日,08:35
广州近50万人成为滴滴司机 月收入2千以下占57.3%,http://money.163.com/16/0824/16/BV8FTOHH00253B0H.html,网易财经,2016年08月24日,15:00
滴滴取消司机20%抽成?大家想多了,http://business.sohu.com/20160818/n464915082.shtml,搜狐财经,2016年08月18日,21:16
"滴滴计价新规遭误读,取消20%的抽成不现实",http://money.163.com/16/0818/18/BUP8CIIC00253B0H.html,网易财经,2016年08月18日,18:00
滴滴涨价后再出招:司乘分开计价 司机称收入未涨,http://money.163.com/16/0818/16/BUOVVMRR00254TFQ.html,网易财经,2016年08月18日,16:08
滴滴计价方式大调整:取消对司机20%抽成,http://money.163.com/16/0818/12/BUOKMA5V002526O3.html,网易财经,2016年08月18日,12:45
打车还送快递?中国邮政宣布战略投资滴滴,http://www.pconline.com.cn/autotech/826/8269120.html,太平洋电脑网,2016年08月18日,09:00
"滴滴获中国邮政投资,他们要干什么",http://xiepeng.baijia.baidu.com/article/589150,百度百家,2016年08月17日,18:00
"国资频频投资滴滴出行,因为这是一桩稳赚不赔的生意?",http://tech.qq.com/a/20160817/005385.htm,腾讯科技,2016年08月17日,06:00
滴滴收购Uber中国一个月了 你错过了哪些事情,http://it.sohu.com/20160912/n468218125.shtml,搜狐科技,2016年09月12日,09:50
滴滴或遭遇反垄断审查 部分司机将被淘汰,http://auto.163.com/16/0815/10/BUGJMJ23000859EU.html,网易汽车,2016年08月15日,10:31
滴滴股权结构解密,http://news.163.com/16/0815/00/BUFJPDIA00014AED.html,网易新闻,2016年08月15日,00:06
滴滴与优步的战争:商业世界就是这么残酷,http://news.youth.cn/kj/201609/t20160915_8660757.htm,中国青年网,2016年09月15日,11:00
滴滴优步合并引垄断争议 司机乘客实惠减少,http://business.sohu.com/20160819/n464963388.shtml,搜狐财经,2016年08月19日,09:01
三大专车平台对比:神州价格最低 滴滴更适合短途,http://finance.sina.com.cn/consume/xiaofei/2016-08-19/doc-ifxvctcc7993702.shtml,新浪财经,2016年08月19日,06:39
"成都最能跑的滴滴司机是谁?50岁,一年跑12万公里,月赚七八千",http://auto.163.com/16/0902/02/BVU51V5N00084IJ6.html,网易汽车,2016年09月02日,02:33
滴滴优步合并后续:垄断争议发酵 司机乘客实惠减少,http://news.xinhuanet.com/fortune/2016-08/18/c_129238694.htm,新华网,2016年08月18日,08:40
滴滴Uber合并后乘客费用增加 司机收入难过万,http://finance.sina.com.cn/chanjing/cyxw/2016-08-12/doc-ifxuxnah3262967.shtml,新浪财经,2016年08月12日,07:09
"滴滴优步中国合并算不算垄断,商务部仍未松口:会依法调查",http://business.sohu.com/20160817/n464670253.shtml,搜狐财经,2016年08月17日,15:22
"收购优步中国后,滴滴宣布与中国邮政战略合作",http://news.zol.com.cn/599/5996401.html,中关村在线,2016年08月17日,10:00
"涨价,乘客和司机出逃,合并后的Uber滴滴路在何方?",http://www.jiemian.com/article/861103.html,界面新闻,2016年09月26日,09:00
滴滴并购优步中国的深层意义:重绘全球科技业版图,http://tech.qq.com/a/20160811/025375.htm,腾讯科技,2016年08月11日,11:00
"顺路拼车价格大比拼,滴滴嘀嗒价格哪家强!",http://it.sohu.com/20160920/n468807202.shtml,搜狐科技,2016年09月20日,20:47
记者亲历滴滴快车司机擅自加价 结账记得看收费明细,http://news.163.com/16/0831/10/BVPSC2U600014AEE.html,网易新闻,2016年08月31日,10:00
滴滴并购优步是否构成垄断,http://news.xinhuanet.com/tech/2016-08/10/c_129217737.htm,新华网,2016年08月10日,07:30
"网约车合法,滴滴uber合并,垄断之后只有涨价?",http://auto.sohu.com/20160821/n465254432.shtml,搜狐汽车,2016年08月21日,21:04
"揭幕滴滴股权迷局,270美元估值背后的产业帝国",http://money.163.com/16/0808/09/BTUICB6O00253B0H.html,网易财经,2016年08月08日,09:00
滴滴优步司机端奖励缩水 成本将转嫁消费者,http://www.china.com.cn/guoqing/2016-08/08/content_39042301.htm,中国网,2016年08月08日,07:35
"滴滴最早投资人:4年前投70万、如今回报超35亿,惊心动魄!",http://finance.qq.com/a/20160807/005860.htm,腾讯财经,2016年08月07日,08:00
商务部再回应滴滴优步合并:未依法申报需担责,http://auto.qq.com/a/20160819/017789.htm,腾讯汽车,2016年08月19日,09:00
滴滴司机专接空姐直播偷拍 滴滴:已封号,http://news.sohu.com/20160806/n462938854.shtml,搜狐新闻,2016年08月06日,22:11
滴滴优步下周或取消私家车加盟司机全部奖励,http://news.xinhuanet.com/info/ttgg/2016-08/06/c_135570081.htm,新华网,2016年08月06日,16:05
网约车新规出台 滴滴到底在慌什么,http://bschool.hexun.com/2016-10-10/186337231.html,和讯商学院,2016年10月10日,08:49
Uber司机:滴滴让我这几天的订单锐减三分之一,http://finance.sina.com.cn/roll/2016-08-05/doc-ifxutfyw0684355.shtml,新浪财经,2016年08月05日,17:28
"前脚网约车合法后脚就联姻,滴滴优步闹哪样?",http://auto.sohu.com/20160805/n462739688.shtml,搜狐汽车,2016年08月05日,10:50
男白领下班后跑滴滴 每天赚够200元老婆才准回家,http://finance.sina.com.cn/consume/2016-08-05/doc-ifxutfpc4515329.shtml,新浪财经,2016年08月05日,09:37
"跑滴滴开什么车,这些车是不错的选择",http://auto.ifeng.com/chongqing/xinwen/2016/0810/17931.shtml,凤凰汽车,2016年08月10日,10:42
滴滴激烈回应新政 资本的力量能改变政策吗,http://www.traveldaily.cn/article/107142,环球旅讯,2016年10月09日,10:19
专车市场风云再起:滴滴将推新出行业务 易到筹备融资,http://stock.sohu.com/20160804/n462623290.shtml,搜狐证券,2016年08月04日,17:36
"肉身实测""新""滴滴和优步到底谁更便宜",http://auto.163.com/16/0804/11/BTKDNJ2O000859F2.html,网易汽车,2016年08月04日,11:28
滴滴优步合并后补贴减少 专家:涨价是必然,http://business.sohu.com/20160804/n462545885.shtml,搜狐财经,2016年08月04日,10:12
滴滴与优步合并后 乘客司机补贴均变少,http://mobile.163.com/16/0804/10/BTK9K1V5001168BQ.html,网易手机,2016年08月04日,10:38
什么车适合跑Uber和滴滴?,http://auto.sohu.com/20160816/n464380629.shtml,搜狐汽车,2016年08月16日,09:56
滴滴和优步中国合并后已开始涨价?滴滴回应,http://news.sohu.com/20160803/n462422434.shtml,搜狐新闻,2016年08月03日,16:57
它们“在一起”是否涉嫌垄断?商务部:滴滴优步合并需申报,http://finance.people.com.cn/n1/2016/0803/c1004-28608571.html,人民网财经频道,2016年08月03日,16:00
滴滴优步合并首日 部分优惠就已取消,http://mobile.163.com/16/0803/12/BTHTKPMR001168BQ.html,网易手机,2016年08月03日,12:50
"滴滴收购优步中国,这位背后的男人挥出了哪四次重拳?",http://business.sohu.com/20160803/n462371118.shtml,搜狐财经,2016年08月03日,11:50
商务部:滴滴+优步未申报 不得实施兼并,http://auto.sina.com.cn/news/ct/2016-08-03/detail-ifxunyxy6411329.shtml,新浪汽车,2016年08月03日,09:55
"33岁,4年,估值350亿美元,做成它的,为什么是滴滴和程维?",http://money.163.com/16/0803/08/BTHI7HV700253B0H.html,网易财经,2016年08月03日,08:00
"为什么说滴滴和Uber合并了,百度反而有机会了",http://business.sohu.com/20160803/n462332948.shtml,搜狐财经,2016年08月03日,08:47
滴滴、优步在一起!打车还会便宜吗?,http://auto.sohu.com/20160802/n462261392.shtml,搜狐汽车,2016年08月02日,20:40
滴滴优步合并 这些公司偷着乐,http://gold.hexun.com/2016-08-02/185294212.html,和讯黄金,2016年08月02日,20:00
滴滴收购Uber中国 Uber成为名副其实第一大股东?,http://money.163.com/16/0802/18/BTFVQ0Q900251LKI.html,网易财经,2016年08月02日,18:10
滴滴收购Uber中国 Uber成为名副其实第一大股东?,http://money.163.com/16/0802/18/BTFVQ0Q900251LKI.html,网易财经,2016年08月02日,18:10
滴滴靠什么来盈利?程维或许可以考虑一下金融,http://money.163.com/16/0802/15/BTFNTESF00253B0H.html,网易财经,2016年08月02日,15:00
新滴滴有哪些问题不能解决?,http://money.163.com/16/0802/14/BTFIQAK9002551G6.html,网易财经,2016年08月02日,14:08
"滴滴收了优步,咱该买辆什么车来跑滴滴呢?",http://auto.sohu.com/20160802/n462200716.shtml,搜狐汽车,2016年08月02日,14:52
Recode:滴滴收购优步中国 反Uber联盟进退失据,http://tech.qq.com/a/20160802/028852.htm,腾讯科技,2016年08月02日,14:00
【揭秘】清楚了!滴滴为何收购优步中国?央视知道的真相是…,http://business.sohu.com/20160802/n462203192.shtml,搜狐财经,2016年08月02日,12:47
"Uber全球把优步中国卖给滴滴,换了滴滴5.89%股份",http://xiepeng.baijia.baidu.com/article/567372,百度百家,2016年08月02日,12:00
滴滴和Uber中国合并引发垄断担忧 打车费要上涨?,http://money.163.com/16/0802/00/BTE2RR9D00254TI5.html,网易财经,2016年08月02日,11:13
滴滴和Uber中国合并成垄断对乘客和司机影响,http://auto.sohu.com/20160802/n462165434.shtml,搜狐汽车,2016年08月02日,11:48
滴滴优步合并后会涨价吗?滴滴:相当长时间内会继续补贴,http://business.sohu.com/20160802/n462159176.shtml,搜狐财经,2016年08月02日,10:25
"滴滴优步中国合并,一场各自宣布胜利的公关游戏",http://tech.163.com/16/0802/10/BTF52I2R00097U7R.html,网易科技,2016年08月02日,10:58
滴滴出行收购优步中国 分析称消费者优惠或将缩减,http://www.ce.cn/xwzx/gnsz/gdxw/201608/02/t20160802_14409749.shtml,中国经济网,2016年08月02日,10:00
滴滴收购优步中国陷反垄断争议 烧钱会终止么?,http://stock.sohu.com/20160802/n462144488.shtml,搜狐证券,2016年08月02日,09:37
滴滴收购优步中国 打车费将会走高?,http://auto.ifeng.com/tianjin/xinwen/2016/0802/21253.shtml,凤凰汽车,2016年08月02日,09:42
"滴滴、优步、神州专车一家子转着玩,以后补贴还能问谁要?",http://business.sohu.com/20160802/n462145560.shtml,搜狐财经,2016年08月02日,08:26
"滴滴Uber""敌手""变""爱人"" 专车巨无霸引垄断质疑",http://news.xinhuanet.com/zgjx/2016-08/02/c_135556902.htm,新华网,2016年08月02日,08:19
滴滴出行多次辟谣后 宣布收购Uber中国,http://news.xinhuanet.com/zgjx/2016-08/02/c_135556860.htm,新华网,2016年08月02日,08:11
滴滴回应取消补贴:优惠不终止 红包将长期存在,http://news.sohu.com/20160802/n462105398.shtml,搜狐新闻,2016年08月02日,04:36
滴滴收购优步中国 这戏演得绝,http://finance.sina.com.cn/chanjing/gsnews/2016-08-02/doc-ifxunyya2991649.shtml,新浪财经,2016年08月02日,00:16
"滴滴、优步中国合体,然而竞争远未结束",http://yude.baijia.baidu.com/article/566766,百度百家,2016年08月02日,00:54
"滴滴Uber合并,你还会用吗?",http://auto.sohu.com/20160801/n462058079.shtml,搜狐汽车,2016年08月01日,17:50
打车费要涨?滴滴正式宣布收购 Uber 中国,http://digi.163.com/16/0801/17/BTDBDCTO00162Q5T.html,网易数码,2016年08月01日,17:16
滴滴宣布收购优步中国 后者保持运营独立,http://auto.sina.com.cn/news/hy/2016-08-01/detail-ifxunyya2962644.shtml,新浪汽车,2016年08月01日,17:52
滴滴开口承认收购Uber中国 Uber创始人加入滴滴董事会,http://business.sohu.com/20160801/n462054725.shtml,搜狐财经,2016年08月01日,17:17
经纬评滴滴优步合并:无法速胜的竞争只消耗价值,http://money.163.com/16/0801/17/BTDAGH5A00252G50.html,网易财经,2016年08月01日,17:30
滴滴出行宣布收购优步中国,http://news.xinhuanet.com/ttgg/2016-08/01/c_1119317503.htm,新华网,2016年08月01日,17:30
滴滴Uber为什么合并?这五点看完你就明白了,http://news.21cn.com/hot/social/zhnb/2016/0801/17/31367772_all.shtml,21CN,2016年08月01日,17:00
Uber持有滴滴5.89%股权 相当于17.7%经济权益,http://tech.163.com/16/0801/16/BTD9HVPR00097U7R.html,网易科技,2016年08月01日,16:49
BAT合体 滴滴出行宣布收购优步中国,http://www.pcauto.com.cn/news/855/8550435.html,太平洋汽车网,2016年08月01日,16:15
终于在一起!滴滴出行宣布收购优步中国,http://news.zol.com.cn/596/5966956.html,中关村在线,2016年08月01日,16:00
滴滴出行宣布收购Uber中国 与Uber交叉持股,http://auto.sohu.com/20160801/n462045742.shtml,搜狐汽车,2016年08月01日,16:00
滴滴出行宣布收购优步中国 将相互持股,http://finance.qq.com/a/20160801/038440.htm,腾讯财经,2016年08月01日,16:00
滴滴宣布收购优步中国 与Uber全球相互持股,http://tech.163.com/16/0801/16/BTD82K8J00097U7R.html,网易科技,2016年08月01日,16:57
定了!滴滴出行宣布收购优步中国,http://tech.qq.com/a/20160801/038234.htm,腾讯科技,2016年08月01日,16:55
再传滴滴收购优步中国 双方均发声否认,http://money.163.com/16/0801/15/BTD5V0J900253G87.html,网易财经,2016年08月01日,15:01
滴滴出行或将收购Uber中国 可能引发反垄断调查?,http://business.sohu.com/20160801/n462027118.shtml?qq-pf-to=pcqq.group,搜狐财经,2016年08月01日,14:50
滴滴中国优步再曝合并传闻 双方均无明确回应,http://money.163.com/16/0801/14/BTD0QJGV00253B0H.html,网易财经,2016年08月01日,14:57
外媒称优步将与滴滴出行合并 滴滴否认,http://mobile.163.com/16/0801/14/BTD0BRAF001168BQ.html,网易手机,2016年08月01日,14:10
外媒:滴滴将收购Uber中国业务,http://auto.sohu.com/20160801/n462023286.shtml,搜狐汽车,2016年08月01日,14:38
滴滴收购优步中国业务 优步成滴滴最大股东,http://auto.163.com/16/0801/13/BTCV2I32000854CH.html,网易汽车,2016年08月01日,13:38
滴滴真把中国优步收购了?新公司估值350亿美元,http://auto.163.com/16/0801/13/BTCU7E14000854CH.html,网易汽车,2016年08月01日,13:49
外媒:滴滴和中国优步合并后 Uber将成滴滴最大股东,http://business.sohu.com/20160801/n462021211.shtml,搜狐财经,2016年08月01日,13:25
Uber中国和滴滴合并 拿下中国市场的最佳选择?,http://tech.163.com/16/0801/12/BTCQHI3R00097U7R.html,网易科技,2016年08月01日,12:26
滴滴刚官方否认 彭博再爆“滴滴、优步中国合并”,http://finance.qq.com/a/20160801/027120.htm,腾讯财经,2016年08月01日,12:00
外媒:优步将把中国业务与滴滴出行合并,http://money.163.com/16/0801/12/BTCQ6EVF00253G87.html,网易财经,2016年08月01日,12:23
网传Uber CEO发信称滴滴优步中国合并 滴滴否认,http://tech.163.com/16/0801/11/BTCOFV9Q00097U7R.html,网易科技,2016年08月01日,11:37
Uber与滴滴合并再遭疯传 滴滴官方否认,http://finance.qq.com/a/20160801/023854.htm,腾讯财经,2016年08月01日,11:00
网传Uber CEO撰文称优步中国将与滴滴合并 滴滴官方否认,http://tech.qq.com/a/20160801/022153.htm,腾讯科技,2016年08月01日,10:45
滴滴王刚:4年前投了70万如今回报远超35亿,http://money.163.com/16/0806/08/BTP7FN7800253B0H.html,网易财经,2016年08月06日,07:00
"网约车出新规,滴滴打车要变滴滴相亲?",http://www.igeek.com.cn/19/20161011/news_531242.html,爱极客,2016年10月11日,08:08
滴滴优步合并红包越发越小 司机奖励逐步下降,http://www.cs.com.cn/xwzx/ms/201608/t20160804_5027966.html,中证网,2016年08月04日,16:00
滴滴和Uber中国合并之后的数据说明了什么?,http://www.ebrun.com/20160922/193813.shtml,亿邦动力网,2016年09月22日,17:47
滴滴和优步中国合并后:补贴减少 但不会取消,http://tech.qq.com/a/20160811/005238.htm,腾讯科技,2016年08月11日,07:00
北大教授:滴滴收购优步说白了就是垄断,http://mobile.163.com/16/0803/11/BTHT7M330011179O.html,网易手机,2016年08月03日,11:40
"滴滴收购Uber中国,对易到有什么影响?",http://zhuyi.baijia.baidu.com/article/568313,百度百家,2016年08月02日,23:00
滴滴和Uber中国合并背后的真相都在这里了,http://business.sohu.com/20160802/n462275242.shtml,搜狐财经,2016年08月02日,20:34
滴滴正式宣布收购优步中国(高清组图),http://news.xinhuanet.com/asia/2016-08/02/c_129198383.htm,新华网,2016年08月02日,10:59
优步中国为啥被滴滴收购?创始人这么说,http://www.pcauto.com.cn/news/855/8552652.html,太平洋汽车网,2016年08月02日,09:23
滴滴吞掉优步中国涉嫌垄断?滴滴优步神州背后都有柳家人,http://news.xinhuanet.com/finance/2016-08/02/c_129197959.htm,新华网,2016年08月02日,08:42
滴滴优步中国合并:这五点你必须知道!,http://www.cs.com.cn/ssgs/kj/201608/t20160802_5025449.html,中证网,2016年08月02日,08:00
滴滴优步合并:资本绑架科技 出卖年轻人的梦想,http://money.163.com/16/0809/11/BU19CLNN00253B0H.html,网易财经,2016年08月09日,11:43
滴滴优步合并 司机和乘客补贴的好日子到头了吗?,http://finance.qq.com/a/20160809/024270.htm,腾讯财经,2016年08月09日,10:00
滴滴打车叫到玛莎拉蒂跑车!滴滴车司机载到了周杰伦“好嗨”啊,http://www.meizhou.cn/2016/1014/473280.shtml,梅州网,2016年10月14日,10:00
滴滴出行宣布收购优步中国 滴滴称:补贴奖励将继续发放,http://www.cs.com.cn/ssgs/hyzx/201608/t20160801_5025268.html,中证网,2016年08月01日,21:00
滴滴收购Uber中国 或不触发反垄断审批,http://finance.qq.com/a/20160801/040998.htm,腾讯财经,2016年08月01日,17:00
滴滴内部信谈优步:硅谷公司在中国做的最好的,http://tech.163.com/16/0801/17/BTD9P3QI00097U7R.html,网易科技,2016年08月01日,17:42
滴滴正式宣布收购Uber中国 程维将加入Uber全球董事会,http://news.xinhuanet.com/finance/2016-08/01/c_129195769.htm,新华网,2016年08月01日,16:42
媒体:滴滴优步合并 整体估值350亿美元,http://auto.ifeng.com/pinglun/20160801/1060112.shtml,凤凰汽车,2016年08月01日,13:21
传滴滴与中国优步合并 新公司估值350亿美元,http://money.163.com/16/0801/12/BTCRHF9L00253B0H.html,网易财经,2016年08月01日,12:52
Uber与滴滴合并再遭疯传 滴滴官方否认,http://money.163.com/16/0801/11/BTCM44T800253G87.html,网易财经,2016年08月01日,11:12
"网约车新政在即:订单暴跌进退两难 滴滴大呼""要死啦!""",http://www.zhicheng.com/n/20161021/100542.html,至诚财经网,2016年10月21日,10:56
一线城市出台网约车新规 老大滴滴出行有话说,"http://finance.eastmoney.com/news/1355,20161009670870290.html",东方财富网,2016年10月09日,10:00
2016网约车新政解读:没北京上海户口不能跑滴滴?我们帮你解读新细,http://www.southmoney.com/redianxinwen/201610/780046.html,南方财富网,2016年10月09日,09:00
网约车新规让滴滴哭瞎了!官方:老百姓将又面对“打车难”,http://www.chinaz.com/news/2016/1008/591059.shtml,站长之家,2016年10月08日,17:21
"滴滴顺风车也可以设置“自动接单”了,这是要把顺风车主当职业司机...",http://36kr.com/p/5053139.html,36kr,2016年09月19日,15:00
滴滴出租车上线代叫功能 用户可以帮别人直接叫车,http://tech.qq.com/a/20160811/033406.htm,腾讯科技,2016年08月11日,14:00
滴滴调整计价方式:司机端直接显示抽成后收入,http://tech.qq.com/a/20160818/031088.htm,腾讯科技,2016年08月18日,13:00
西安一滴滴司机强吻猥亵女乘客 欲以红包封口,http://auto.sohu.com/20160810/n463542250.shtml,搜狐汽车,2016年08月10日,15:00
用户可选择车主! 滴滴顺风车新功能发布,http://www.gfan.com/news/2016091989112.html,机锋网,2016年09月19日,14:00
滴滴优惠说没就没 是因为新规还是合并?,http://it.sohu.com/20160816/n464459716.shtml,搜狐科技,2016年08月16日,16:50
柳传志:柳家班就要垄断中国内地出行市场!滴滴Uber合并的背后竟然...,http://money.163.com/16/0803/11/BTHQ2FRF00253B0H.html,网易财经,2016年08月03日,10:00
"滴滴CEO程维:最大成功不是收购优步中国,而是赢得了两个人的心,男...",http://money.163.com/16/0803/09/BTHJ841O00253B0H.html,网易财经,2016年08月03日,08:00
滴滴优步合并咋谈成的:Uber的橄榄枝和两个关键人物,http://business.sohu.com/20160803/n462312188.shtml,搜狐财经,2016年08月03日,08:55
滴滴优步合并背后:专车司机面临人生又一次选择,http://tech.qq.com/a/20160803/003599.htm,腾讯科技,2016年08月03日,06:00
2016年网约车最新消息:滴滴涨价5-10% 地方政策的取向是让网约车,http://www.southmoney.com/redianxinwen/201609/737812.html,南方财富网,2016年09月18日,14:00
滴滴优步合并后的垄断并不可怕,http://www.donews.com/idonews/article/9062.shtm,DoNews,2016年08月15日,10:43
"柳青:得过癌症带三个娃,把滴滴做成行业第一,她是中国最拼富二代!",http://business.sohu.com/20160802/n462278933.shtml,搜狐财经,2016年08月02日,21:16
老司机现身说法:就算滴滴优步合法了?真的挣不到几个钱,http://auto.sohu.com/20160802/n462294126.shtml,搜狐汽车,2016年08月02日,21:47
滴滴并购优步中国 未来会有更多独角兽合并吗?,http://digi.163.com/16/0802/13/BTFFN6NE00162OUT.html,网易数码,2016年08月02日,13:39
"滴滴Uber合并,谁输谁赢?",http://liuxingliang.baijia.baidu.com/article/567002,百度百家,2016年08月02日,10:00
Uber获5.89%股权 滴滴出行收购优步中国,http://www.autohome.com.cn/news/201608/891379.html,汽车之家,2016年08月01日,16:00
"滴滴与优步中国合并,意味着世界将分割成全球市场和中国市场",http://tech.qq.com/a/20160801/030389.htm,腾讯科技,2016年08月01日,14:00
"新的垄断形成!厮打了几年的滴滴和优步,竟然真合并了",http://business.sohu.com/20160801/n462030022.shtml,搜狐财经,2016年08月01日,13:59
"杀入租车领域,滴滴胜算几何?",http://www.jiemian.com/article/829591.html,界面新闻,2016年09月01日,15:00
滴滴司机蹲守空乘出口专接空姐单 偷拍网上直播,http://news.sohu.com/20160807/n462946873.shtml,搜狐新闻,2016年08月07日,01:29
滴滴快车全新计费方式上线:司机开心了,http://app.techweb.com.cn/android/2016-08-30/2382538.shtml,TechWeb,2016年08月30日,15:36
北京:刘翔状告“滴滴出行”侵犯肖像权 海淀法院受理,http://v.ifeng.com/news/society/201608/01c27dc4-5afb-11e6-b6ab-002590c2aaeb.shtml,凤凰网,2016年08月05日,19:00
专车司机要考证才能上岗 滴滴杂牌军何去何从?,http://it.enorth.com.cn/system/2016/09/17/031167615.shtml,北方网,2016年09月17日,17:47
滴滴优步合并后专车买哪款最划算呢?,http://auto.sohu.com/20160803/n462349582.shtml,搜狐汽车,2016年08月03日,09:36
滴滴收购优步中国后 老外觉得Uber在中国打了一场败仗,http://tech.qq.com/a/20160803/012784.htm,腾讯科技,2016年08月03日,09:00
网约车新政落地后:滴滴日子仍不好过?,http://www.ebrun.com/20160905/190812.shtml,亿邦动力网,2016年09月05日,17:22
"滴滴出行和uber中国完美合并,实则面临困境",http://www.donews.com/idonews/article/9022.shtm,DoNews,2016年08月08日,14:41
"被滴滴收购后,优步中国800员工是去是留?",http://finance.sina.com.cn/roll/2016-08-02/doc-ifxunyya3060964.shtml,新浪财经,2016年08月02日,16:10
"网约车新规和滴滴优步合并,小伙伴们最关心的七大问题",http://money.163.com/16/0809/13/BU1FK36100253B0H.html,网易财经,2016年08月09日,13:37
"易到针对滴滴优步合并的声明,称绝不意味着出行领域的竞争已经结束...",http://tech.163.com/16/0801/20/BTDMK32900094ODU.html,网易科技,2016年08月01日,20:23
"滴滴们合法了,但你真的以为能挣外快了吗?",http://auto.sohu.com/20160801/n462069852.shtml,搜狐汽车,2016年08月01日,18:07
"滴滴:宣布与优步(Uber)全球达成战略协议,滴滴出行将收购优步中国...",http://finance.sina.com.cn/money/forex/datafx/2016-08-01/doc-ifxunzmt2026524.shtml,新浪财经,2016年08月01日,16:45
滴滴专车要装360行车记录仪 还要人脸识别司机,http://www.guancha.cn/economy/2016_09_07_373691_s.shtml,观察者网,2016年09月07日,11:02
滴滴玩“末位淘汰”制 司机收入与服务分挂钩,http://www.nbd.com.cn/articles/2016-09-08/1037155.html,每日经济新闻,2016年09月08日,10:53
空姐滴滴打车疑被偷拍直播 熊猫TV:已被封号,http://news.sohu.com/20160807/n462950466.shtml,搜狐新闻,2016年08月07日,02:38
滴滴出行收购优步中国 互联网并购开启悬疑剧模式,http://tech.sina.com.cn/i/2016-08-05/doc-ifxutfpf1303552.shtml,新浪科技,2016年08月05日,13:00
西安滴滴司机欲集体罢工 称降低补贴克扣司机,http://news.ifeng.com/a/20160804/49719267_0.shtml,凤凰网,2016年08月04日,17:00
Uber放弃中国市场:苹果投资滴滴是最后一根稻草,http://tech.sina.com.cn/i/2016-08-04/doc-ifxutfpf1199798.shtml,新浪科技,2016年08月04日,11:00
收购优步中国后快车就涨价?滴滴回应,http://gd.qq.com/a/20160804/014618.htm,大粤网,2016年08月04日,09:00
"滴滴专车车型要求,滴滴专车要求什么车?",http://www.autotimes.com.cn/news/201609/234867.html,汽车时代网,2016年09月09日,09:00
滴滴公开向刘翔道歉:不提126万赔偿事宜,http://www.ebrun.com/20160830/189882.shtml,亿邦动力网,2016年08月30日,16:12
"滴滴优步司机:如果取消补贴,那自己就不干了!",http://it.sohu.com/20160802/n462190480.shtml,搜狐科技,2016年08月02日,12:26
商务部:暂未收到滴滴和优步中国合并申报 不申报难往下走,http://tech.sina.com.cn/i/2016-08-02/doc-ifxunyxy6278961.shtml,新浪科技,2016年08月02日,10:00
快车司机车辆被查扣 滴滴平台拒绝报销罚款被起诉,http://tech.sina.com.cn/i/2016-08-02/doc-ifxunyxy6274028.shtml,新浪科技,2016年08月02日,10:00
"滴滴收购优步中国,爱情来得太快就像台风?",http://it.sohu.com/20160802/n462147338.shtml,搜狐科技,2016年08月02日,10:49
"滴滴收购优步中国,BAT竟然合体了",http://it.sohu.com/20160801/n462083608.shtml,搜狐科技,2016年08月01日,21:21
专家:滴滴收购uber不能说是垄断,http://finance.21cn.com/newsdoc/zx/a/2016/0801/18/31368343.shtml,21CN财经,2016年08月01日,18:24
"滴滴确认收购Uber中国,谁将成为背后赢家?",http://it.sohu.com/20160801/n462062709.shtml,搜狐科技,2016年08月01日,17:11
滴滴收购优步中国:只不过又一次证明了资本为王,http://it.sohu.com/20160801/n462063918.shtml,搜狐科技,2016年08月01日,17:14
滴滴出行收购优步是否涉嫌垄断?律师:不好说,http://tech.sina.com.cn/i/2016-08-01/doc-ifxunyxy6216900.shtml,新浪科技,2016年08月01日,17:00
滴滴收购优步中国:一个不想被曝光却总走光的消息,http://tech.sina.com.cn/i/2016-08-01/doc-ifxunyxy6215651.shtml,新浪科技,2016年08月01日,17:00
"滴滴优步合并,最该警惕的不是涨价",http://news.ifeng.com/a/20160801/49699123_0.shtml,凤凰网,2016年08月01日,17:00
为什么滴滴和优步在一起其实不意外?,http://tech.sina.com.cn/i/2016-08-01/doc-ifxunyxy6210716.shtml?utm_source=tuicool&utm_medium=referral,新浪科技,2016年08月01日,16:00
滴滴Uber中国合并消息刷屏 老冤家的盘算都挺美,http://tech.sina.com.cn/i/2016-08-01/doc-ifxunyya2956757.shtml,新浪科技,2016年08月01日,16:00
滴滴快的合并复盘:这一年半里都发生了什么,http://tech.sina.com.cn/i/2016-08-01/doc-ifxunyxy6207003.shtml,新浪科技,2016年08月01日,16:00
滴滴与优步中国合并消息刷爆中外媒体圈:上周已签署协议,http://tech.sina.com.cn/i/2016-08-01/doc-ifxunyya2945661.shtml,新浪科技,2016年08月01日,14:00
"知难而退?传优步中国将与滴滴合并,估值350亿美元",http://news.ifeng.com/a/20160801/49698085_0.shtml,凤凰网,2016年08月01日,14:00
滴滴收购Uber中国交易已达成 今晚宣布,http://it.sohu.com/20160801/n462016276.shtml,搜狐科技,2016年08月01日,13:16
"滴滴确认收购Uber中国,BAT同时持股,以后不用烧钱了?",http://www.huxiu.com/article/158438.html,虎嗅网,2016年08月01日,12:01
"靠谱爆料:是的,滴滴要和Uber在一起了",http://it.sohu.com/20160801/n462000399.shtml,搜狐科技,2016年08月01日,11:45
传滴滴正式收购优步中国 合并后估值350亿美元,http://finance.sina.com.cn/roll/2016-08-01/doc-ifxunuyk4289457.shtml,新浪财经,2016年08月01日,14:58
消息称Uber中国和滴滴合并后估值将达350亿美元,http://money.163.com/16/0801/13/BTCU6HEC00253G87.html,网易财经,2016年08月01日,13:19
滴滴打车加盟条件有哪些?如何注册司机,http://news.chinabyte.com/194/13882694.shtml,比特网,2016年09月05日,11:00
滴滴出行政策朝令夕改 人为操控系统太欺负人了,http://news.bandao.cn/news_uhtml/201609/unews_20160905_33989.shtml,半岛网,2016年09月05日,10:00
"滴滴收购优步中国 柳青柳甄姐妹花相聚""超级平台""",http://media.people.com.cn/n1/2016/0803/c40606-28605972.html,人民网,2016年08月03日,07:00
刚收优步就放大招!滴滴或提高济南快车升级专车门槛,http://news.ifeng.com/a/20160803/49709056_0.shtml,凤凰网,2016年08月03日,06:00
滴滴快车司机注意 信用评分将影响你的收入,http://www.ebrun.com/20160907/191248.shtml,亿邦动力网,2016年09月07日,19:11
滴滴优步合并后遗症:用车更贵司机赚钱却少了,http://news.bandao.cn/news_html/201609/20160903/news_20160903_2662301.shtml,半岛网,2016年09月03日,14:00
滴滴优步合并 媒体:司机、乘客的好日子到头了,http://news.ifeng.com/a/20160802/49704060_0.shtml,凤凰网,2016年08月02日,10:00
"财经良知|滴滴优步合并,为何反垄断法选择了沉默?",http://news.ifeng.com/a/20160801/49699544_0.shtml,凤凰网,2016年08月01日,19:00
滴滴出行宣布收购优步中国 2只股有望爆发,http://stock.jrj.com.cn/2016/08/01170721260143.shtml,金融界,2016年08月01日,17:17
司机如何看待滴滴优步合并:如果没奖励就不干了,http://tech.sina.com.cn/i/2016-08-01/doc-ifxunyxy6192582.shtml,新浪科技,2016年08月01日,14:00
"滴滴叫车没上车竟被计价290元,司机恶意行为如何整治?",http://www.ithome.com/html/it/252870.htm,IT之家,2016年08月27日,14:50
网约车新政策国庆节实施 滴滴出行更安全,http://www.kejixun.com/article/160919/225244.shtml,科技讯,2016年09月19日,17:50
滴滴公开向刘翔道歉 只字未提126万赔偿,http://pcedu.pconline.com.cn/831/8310341.html,太平洋电脑网,2016年08月30日,10:27
“滴滴”合法化 司机乘客有话说,http://qh.people.com.cn/n2/2016/0827/c182767-28902958.html,人民网青海站,2016年08月27日,10:00
"滴滴快车司机端下载安装,轻松注册成为滴滴合作司机",http://www.iautos.cn/news/91931.html,第一车网,2016年08月22日,10:21
政解|滴滴收购优步中国 网约车价格会涨吗?,http://news.ifeng.com/a/20160801/49699968_0.shtml,凤凰网,2016年08月01日,22:00
滴滴收购Uber中国可能构成垄断?并不会!,http://it.sohu.com/20160801/n462083078.shtml,搜狐科技,2016年08月01日,21:56
"滴滴出行收购优步中国,原因竟然是这样的!",http://it.sohu.com/20160801/n462070533.shtml,搜狐科技,2016年08月01日,18:16
揭秘滴滴优步谈判:Uber创始人遭施压 合并于上周四达成,http://tech.sina.com.cn/i/2016-08-01/doc-ifxunyxy6190010.shtml,新浪科技,2016年08月01日,13:00
滴滴司机偷拍空姐:深夜车内直播引18万人围观,http://gd.qq.com/a/20160807/007857.htm,大粤网,2016年08月07日,07:00
苏州网约车新政即将落地 跑滴滴不是想干就能干,http://jsnews.jschina.com.cn/system/2016/09/22/029678845.shtml,中国江苏网,2016年09月22日,15:49
"滴滴打车加盟条件,2016如何注册快车专车司机",http://news.91.com/hezuo/s57bbf2076f93.html,91资讯站,2016年08月23日,14:50
衡阳市“滴滴打车”注册车辆已经将近三万台,http://news.gmw.cn/newspaper/2016-08/04/content_114898027.htm,光明网,2016年08月04日,09:00
30元任意跑 “滴滴代叫”真坑人,http://news.gmw.cn/newspaper/2016-08/02/content_114822718.htm,光明网,2016年08月02日,14:00
"滴滴优步:一言不合就合并,以后不能愉快的打车了",http://www.jiemian.com/article/775349.html,界面新闻,2016年08月01日,16:00
重磅!曝滴滴、优步已合并:背后内幕惊人,http://www.techweb.com.cn/it/2016-08-01/2368263.shtml,Techweb,2016年08月01日,14:12
网传Uber CEO已正式向滴滴出行发起收购要约,http://www.techweb.com.cn/finance/2016-08-01/2368151.shtml,Techweb,2016年08月01日,11:00
"专车新政出台,神州、滴滴、UBER各自利弊分析",http://www.jiemian.com/article/774123.html,界面新闻,2016年08月01日,08:00
"滴滴收购优步中国,美国媒体很!不!高!兴!",http://news.ifeng.com/a/20160802/49706565_0.shtml,凤凰网,2016年08月02日,21:00
滴滴车主计价全面改版,http://news.10jqka.com.cn/20160816/c592476427.shtml,同花顺金融服务网,2016年08月16日,22:26
滴滴或遭淘宝解锁 不合格的车主也能注册,http://www.ebrun.com/20160805/186000.shtml,亿邦动力网,2016年08月05日,15:53
滴滴收购优步中国之后:不得不谈的这三点,http://www.techweb.com.cn/finance/2016-08-01/2368394.shtml,Techweb,2016年08月01日,16:00
滴滴Uber为何突然合并?揭秘滴滴优步谈判:Uber创始人遭施压,http://www.techweb.com.cn/column/2016-08-01/2368220.shtml,Techweb,2016年08月01日,13:53
传滴滴、优步达成合并意向?滴滴投资人朱啸虎称是谣言,http://news.gmw.cn/2016-07/31/content_21225905.htm,光明网,2016年07月31日,10:00
Uber创始人博客再度引发合并传闻 滴滴出面否认,http://stock.hexun.com/2016-08-01/185263172.html,和讯,2016年08月01日,11:07
使用“滴滴打车” 结果变成打人,http://www.cztv.tv/vod/vod66/folder72/2016-08-12/177982.html,常州电视台,2016年08月12日,15:53
"跑滴滴一天能赚多少?800元?司机摇头笑了笑,只赚钱没意思!",http://www.newskj.org/qiche/2016081269840.html,每日科技网,2016年08月12日,10:35
打车软件概念股有哪些?滴滴概念股票上市公司一览,http://www.southmoney.com/gupiao/glg/201608/652341.html,南方财富网,2016年08月02日,14:00
是真的吗:滴滴优步合并后打车价涨一倍?司机奖励取消?,http://news.sznews.com/content/2016-08/10/content_13710437.htm,深圳新闻网,2016年08月10日,17:00
外媒:滴滴收购优步中国 这几件事你必须知道,http://www.techweb.com.cn/column/2016-08-03/2369292.shtml,Techweb,2016年08月03日,11:45
打车要小心!滴滴司机深夜专接空姐 边开车边偷拍直播,http://www.techweb.com.cn/internet/2016-08-07/2371034.shtml,Techweb,2016年08月07日,18:28
滴滴司机被曝专接空姐订单直播偷拍 目前已封号,http://www.techweb.com.cn/internet/2016-08-07/2370994.shtml,Techweb,2016年08月07日,11:08
滴滴司机偷拍空姐 未告知情况下边偷拍边直播,http://d.youth.cn/sk/201608/t20160807_8511327.htm,中国青年网,2016年08月07日,10:00
东莞一滴滴司机载客到深圳后 差点要倒贴,http://news.sun0769.com/dg/headnews/201608/t20160818_6823641.shtml,东莞阳光网,2016年08月18日,15:00
滴滴新增“代叫车”业务 可为他人叫车,http://www.gfan.com/news/2016081587913.html,机锋网,2016年08月15日,12:00
滴滴司机猥亵乘客 女乘客吓得不敢去上班,http://d.youth.cn/shrgch/201608/t20160810_8529502_1.htm,中国青年网,2016年08月10日,13:00
滴滴创业团队已丧失公司控制权?,http://www.qncye.com/baodao/pinglun/080419289.html,青年创业网,2016年08月04日,14:00
网约车合法后 阜阳滴滴司机抱怨赚的少了,http://www.ahwang.cn/anhui/20160816/1550374.shtml,安徽网,2016年08月16日,11:52
逃单技术公开叫卖:30元任意跑“滴滴代叫”真坑人,http://jiangsu.china.com.cn/html/2016/kuaixun_0802/6748741.html,东海资讯,2016年08月02日,15:24
悲催了!刘翔状告滴滴出行侵犯肖像权 索赔126万,http://www.chinaz.com/news/2016/0805/562337.shtml,站长之家,2016年08月05日,14:10
滴滴宣布收购优步中国 Uber全球获得滴滴5.89%股权,http://industry.caijing.com.cn/20160801/4156605.shtml,财经网,2016年08月01日,16:00
刘翔告滴滴侵犯肖像权:索赔126万,http://www.techweb.com.cn/internet/2016-08-05/2370632.shtml,Techweb,2016年08月05日,14:00
网约车最新消息2016:滴滴优步本周或取消私家车加盟司机全部奖励,http://www.southmoney.com/redianxinwen/201608/661537.html,南方财富网,2016年08月09日,15:00
中信Uber信用卡和招商银行滴滴打车信用卡哪个好?(4),http://www.southmoney.com/yinhang/xinyongka/201608/651089_4.html,南方财富网,2016年08月01日,14:00
滴滴司机猥亵乘客 接二连三的被猥亵最后被吓蒙了,http://d.youth.cn/sk/201608/t20160810_8530380.htm,中国青年网,2016年08月10日,16:00
滴滴司机猥亵乘客 女性如何预防性骚扰,http://news.99.com.cn/minsheng/20160810/645938.htm,99健康网,2016年08月10日,15:00
滴滴uber中国合并 此前双方就已经否认过一轮合并传闻,http://d.youth.cn/sk/201608/t20160801_8383148.htm,中国青年网,2016年08月01日,15:00
"滴滴收优步,“老司机”杜蕾斯又刷存在感了",http://www.jiemian.com/article/776357.html,界面新闻,2016年08月02日,09:00
优步滴滴合并两个月后柳甄离职Uber:故事远没结束,http://finance.ifeng.com/a/20161001/14917907_0.shtml,凤凰网,2016年10月01日,20:00
"中国互联网公司最新排名:4岁的滴滴踏着网易、京东上位,前六都属于...",http://bschool.hexun.com/2016-08-04/185339212.html,和讯商学院,2016年08月04日,22:00
滴滴 - 滴滴相关新闻_图片_视频_网友讨论_教育_中华网,http://edu.china.com/baike_5ru05ru0.html,中华网,2016年07月22日,14:59
昆明5月16日以来查扣非法营运车274辆 八成是“滴滴车”,http://news.163.com/16/0527/07/BO29G1D000014AEE.html,网易新闻,2016年05月27日,06:54
西安滴滴快车司机辱骂乘客 司机:可以当面道歉,http://news.163.com/16/0530/19/BOB9SID800014AEE.html,网易新闻,2016年05月30日,18:17
滴滴回应在太原遭封杀:系个别媒体误解 非针对专车,http://tech.ifeng.com/a/20160525/41613557_0.shtml,凤凰科技,2016年05月25日,16:00
太原叫停滴滴专车,http://finance.sina.com.cn/roll/2016-05-25/doc-ifxsqtya6048628.shtml,新浪财经,2016年05月25日,15:49
注资10亿元!滴滴正式进军汽车金融 想象空间巨大,http://business.sohu.com/20160525/n451323636.shtml,搜狐财经,2016年05月25日,10:20
媒体:太原封杀滴滴打车无执法依据,http://news.sina.com.cn/pl/2016-05-25/doc-ifxsktkr6047945.shtml,新浪新闻,2016年05月25日,07:28
太原举报“滴滴”快车可以吗?,http://www.ce.cn/xwzx/gnsz/gdxw/201605/25/t20160525_11977764.shtml,中国经济网,2016年05月25日,06:00
滴滴司机偷拍空姐 安置微型摄像头偷拍乘客隐私,http://d.youth.cn/sk/201608/t20160807_8511739.htm,中国青年网,2016年08月07日,13:00
滴滴司机被指深夜直播偷拍空姐 回应称是为了节目效果,http://cnews.chinadaily.com.cn/2016-08/07/content_26375114.htm,中国日报,2016年08月07日,11:54
滴滴司机偷拍空姐 曾多次违规被长期封禁,http://d.youth.cn/sk/201608/t20160807_8511410.htm,中国青年网,2016年08月07日,11:00
刘翔状告滴滴出行 刘翔cos美少女战士网友直呼辣眼睛,http://jiangsu.china.com.cn/html/2016/kuaixun_0805/6807033.html,东海资讯,2016年08月05日,16:22
私家车加入滴滴打车后是否成为营运车辆,http://tech.xinmin.cn/2016/08/05/30300617.html,新民网,2016年08月05日,00:48
"滴滴与出租车之争,丑陋了谁?",http://www.pcauto.com.cn/client/826/8261091.html,太平洋汽车网,2016年06月02日,16:08
独家:滴滴高德已成立联合工作组 地图全面换为高德,http://tech.ifeng.com/a/20160526/41614170_0.shtml,凤凰科技,2016年05月26日,17:00
刘颂寒:封杀滴滴打车是一种蹩脚政策,http://news.163.com/16/0526/09/BNVTSD5O00014AEE.html,网易新闻,2016年05月26日,09:49
"滴滴与出租车之争,丑陋了谁?",http://auto.sohu.com/20160601/n452339728.shtml,搜狐汽车,2016年06月01日,13:08
从重庆滴滴和出租车争扯 看共享经济的“转正困境”,http://business.sohu.com/20160601/n452303087.shtml,搜狐财经,2016年06月01日,09:28
滴滴司机猥亵乘客 女子被摸腿摸胸强行亲嘴,http://news.cjn.cn/shxw/201608/t2868529_1.htm,长江网,2016年08月10日,14:00
滴滴uber中国合并 uber投资者将获得新公司20%的股权,http://d.youth.cn/sk/201608/t20160801_8382786.htm,中国青年网,2016年08月01日,15:00
《华尔街日报》:滴滴出行将收购Uber中国,http://news.k618.cn/tech/201608/t20160801_8416508.html,未来网,2016年08月01日,13:00
"山西太原:举报黑车奖100元 并非专门针对""滴滴""",http://news.163.com/16/0524/16/BNRK3G7G00014SEH.html,网易新闻,2016年05月24日,16:04
滴滴打车司机专接空姐 直播对话内容,http://luxury.vdolady.com/shxw/201608/0888101.html,维度女性网,2016年08月08日,09:07
"山西太原:举报黑车奖100元 并非专门针对""滴滴""",http://news.163.com/16/0524/16/BNRK3G7G00014SEH.html,网易新闻,2016年05月24日,16:04
滴滴打车司机专接空姐 直播对话内容,http://luxury.vdolady.com/shxw/201608/0888101.html,维度女性网,2016年08月08日,09:07
空姐滴滴打车疑被偷拍直播 熊猫TV:已被封号,http://cnews.chinadaily.com.cn/2016-08/07/content_26373477.htm,中国日报,2016年08月07日,07:16
滴滴启动Di-Tech算法大赛 冠军奖金达10万美元,http://tech.ifeng.com/a/20160518/41609913_0.shtml,凤凰科技,2016年05月18日,12:00
苹果CEO高调访华 外媒:借投资滴滴布局中国市场,http://www.cankaoxiaoxi.com/finance/20160517/1161821.shtml,参考消息,2016年05月17日,09:00
为什么用户不再是滴滴神话的主角?,http://www.donews.com/idonews/article/8658.shtm,DoNews,2016年06月07日,10:24
滴滴出行调整CTO线 原阿里副总裁章文嵩出任滴滴高级副总裁,http://tech.qq.com/a/20160527/065407.htm,腾讯科技,2016年05月27日,20:00
苹果投资滴滴的背后:如何看待滴滴?,http://weiwuhui.baijia.baidu.com/article/454703,百度百家,2016年05月16日,15:00
苹果为什么10亿美元投了滴滴 各取所需,http://world.huanqiu.com/hot/2016-05/8935146.html,环球网,2016年05月16日,10:00
"苹果砸中了滴滴,误伤了Uber?",http://yude.baijia.baidu.com/article/453751,百度百家,2016年05月16日,09:00
苹果为什么相中滴滴,http://news.xinhuanet.com/finance/2016-05/16/c_128986088.htm,新华网,2016年05月16日,09:01
追问滴滴专车司机刷单首案:开车收入与补贴本末倒置,http://finance.sina.com.cn/roll/2016-05-20/doc-ifxskpkx7496158.shtml,新浪财经,2016年05月20日,05:42
太原封滴滴?官方称不针对专车,http://news.xinhuanet.com/city/2016-05/26/c_129014363.htm,新华网,2016年05月26日,07:01
2016网约车新政:在机场火车站不能用滴滴优步叫车?,http://www.jlonline.com/news/2016-08-02/0P2I5122016.shtml,金陵热线,2016年08月02日,11:45
"苹果投资滴滴,“走下神坛”的开始?",http://pengyong.baijia.baidu.com/article/452821,百度百家,2016年05月14日,16:00
"苹果给滴滴站队,阿里巴巴和腾讯怎么想?",http://jiyongqing.baijia.baidu.com/article/452676,百度百家,2016年05月14日,12:00
苹果为何豪掷10亿美元给滴滴?看看外媒怎么分析,http://tech.qq.com/a/20160514/009424.htm,腾讯科技,2016年05月14日,06:00
太原封杀滴滴快车 出租车是高兴还是要反思?,http://auto.sohu.com/20160524/n451220583.shtml,搜狐汽车,2016年05月24日,21:26
太原封杀“滴滴”快车:市民举报一辆奖励100元,http://tech.qq.com/a/20160524/024621.htm,腾讯科技,2016年05月24日,10:00
滴滴回应苹果10亿美元投资:本轮融资仍在进行中,http://tech.ifeng.com/a/20160513/41607864_0.shtml,凤凰科技,2016年05月13日,14:00
苹果投资滴滴到底图什么?,http://money.163.com/16/0513/14/BMV2RQ3J00253B0H.html,网易财经,2016年05月13日,14:00
我伙呆!滴滴获十亿融资:塞钱的是苹果?,http://digi.163.com/16/0513/11/BMUO498N00161MAH.html,网易数码,2016年05月13日,11:41
"苹果10亿美元投资滴滴,原来是为了这个!",http://money.163.com/16/0513/13/BMUS9S9V00253B0H.html,网易财经,2016年05月13日,11:00
苹果为何10亿美元投资滴滴?,http://tech.163.com/16/0513/11/BMUMC0QA000915BD.html,网易科技,2016年05月13日,11:57
库克大手笔!滴滴获得苹果10亿美元投资,http://news.zol.com.cn/582/5829370.html,中关村在线,2016年05月13日,10:00
滴滴宣布获得苹果公司10亿美元战略投资,http://business.sohu.com/20160513/n449200319.shtml,搜狐财经,2016年05月13日,10:11
滴滴宣布获苹果10亿美元战略投资 系单笔最大投资,http://business.sohu.com/20160513/n449200256.shtml,搜狐财经,2016年05月13日,10:39
滴滴宣布获得苹果公司10亿美元战略投资,http://tech.163.com/16/0513/10/BMUI58DC000915BF.html,网易科技,2016年05月13日,10:21
女子滴滴打车遇到流氓司机 手往裙子里伸,http://auto.163.com/16/0517/07/BN8JMFLB00084TV1.html,网易汽车,2016年05月17日,07:39
投资滴滴10亿美元 苹果铺路未来出行,http://auto.sina.com.cn/news/hy/2016-05-16/detail-ifxsenvn7219706.shtml,新浪汽车,2016年05月16日,19:47
评论:为何苹果投资滴滴 优步觉得不受宠爱,http://auto.163.com/16/0516/09/BN68A5F5000854CH.html,网易汽车,2016年05月16日,09:12
"滴滴新一轮融资传闻又来,怪不得有资本在全球玩",http://money.163.com/16/0511/15/BMPUO76J00253B0H.html,网易财经,2016年05月11日,15:00
滴滴叫来的车与系统不符你敢坐吗?,http://finance.sina.com.cn/roll/2016-05-11/doc-ifxryhti4191313.shtml,新浪财经,2016年05月11日,10:05
深圳8000名滴滴被封号 官方:例行整治仍可体现,http://business.sohu.com/20160510/n448583391.shtml,搜狐财经,2016年05月10日,09:06
海口滴滴快车司机拉客时自慰 其妻致歉请女孩原谅,http://news.sohu.com/20160510/n448580012.shtml,搜狐新闻,2016年05月10日,08:22
传滴滴快的将完成25亿美元融资 筹备2017年上市,http://tech.qq.com/a/20160510/016178.htm,腾讯科技,2016年05月10日,08:00
滴滴顺风司机裸下身开车,http://news.163.com/16/0510/02/BMM0DF5500014AED.html,网易新闻,2016年05月10日,02:18
10亿美元入股滴滴 苹果的目的无非这三个,http://tech.163.com/16/0514/08/BN0VA6DF00094OE0.html,网易科技,2016年05月14日,08:00
滴滴如何运营自有车辆? 不比出租车公司强,http://auto.sohu.com/20160509/n448536446.shtml,搜狐汽车,2016年05月09日,23:42
滴滴司机赤裸下身开车 被封号后短信威胁女乘客,http://news.sohu.com/20160509/n448519213.shtml,搜狐新闻,2016年05月09日,23:42
Uber老板:我女友持有苹果股票 她也是滴滴的投资者了,http://tech.qq.com/a/20160513/075096.htm,腾讯科技,2016年05月13日,22:00
苹果10亿美元投资滴滴 是这句话打动了库克,http://finance.ifeng.com/a/20160513/14382087_0.shtml,凤凰网,2016年05月13日,10:00
又是针对专车?太原封杀滴滴并实行举报奖励|5月24日坏消息榜,http://money.163.com/16/0524/18/BNRPLT5G00253B0H.html,网易财经,2016年05月24日,18:00
深圳8000滴滴司机被封 专车管理办法或本月出台,http://news.qq.com/a/20160508/025203.htm,腾讯新闻,2016年05月08日,15:00
海口开车自慰司机仍失联 律师称滴滴公司应负责任,http://finance.sina.com.cn/roll/2016-05-06/doc-ifxryhti3699459.shtml,新浪财经,2016年05月06日,14:43
"深圳数千司机账号突然封停,滴滴重新审核异常信息",http://tech.qq.com/a/20160506/018983.htm,腾讯科技,2016年05月06日,08:00
深圳8000滴滴车主账号被封 滴滴已取消隐藏车牌功能,http://news.xinhuanet.com/info/2016-05/06/c_135338124.htm,新华网,2016年05月06日,08:30
深圳8000滴滴司机被“封号”,http://news.sina.com.cn/o/2016-05-06/doc-ifxryhti3665023.shtml,新浪新闻,2016年05月06日,07:36
"...的朋友因A股崩盘变成穷光蛋,现在开着顶级豪车成了滴滴专车司机哟",http://www.huxiu.com/article/150437/1.html,虎嗅网,2016年05月28日,15:00
"优步中国和滴滴合并:老司机,抢头条玩的都是套路啊!",http://tech.qq.com/a/20160801/043945.htm,腾讯科技,2016年08月01日,18:05
央视关注深圳女教师搭滴滴顺风车遇害事件,http://business.sohu.com/20160505/n447765667.shtml,搜狐财经,2016年05月05日,12:04
深圳女教师遭劫杀 五问滴滴专车安全何在,http://money.163.com/16/0505/09/BM9S176R00253G87.html,网易财经,2016年05月05日,09:52
滴滴顺风车审核漏洞带来致命风险,http://news.163.com/16/0505/07/BM9M1L3400014AED.html,网易新闻,2016年05月05日,07:14
苹果10亿美元投资滴滴:汽车的发展面临12大问题,http://tech.qq.com/a/20160515/009773.htm,腾讯科技,2016年05月15日,07:00
深圳8000滴滴司机被“封号” 滴滴回应称系例行整治,http://tech.ifeng.com/a/20160509/41605248_0.shtml,凤凰科技,2016年05月09日,06:00
滴滴:遇车牌与登记车牌不符可拒绝上车并投诉,http://news.sina.com.cn/o/2016-05-20/doc-ifxsktkr5791516.shtml,新浪新闻,2016年05月20日,10:19
滴滴出行拒透司机审核途径 交通局:属黑车非法运营(图),http://news.163.com/16/0504/20/BM8HIVEV00014AED.html,网易新闻,2016年05月04日,20:01
深圳小学女教师乘坐滴滴快车遇害 滴滴出行回应,http://news.163.com/16/0504/20/BM8HGFID00014AEE.html,网易新闻,2016年05月04日,20:49
滴滴快车司机自慰被永久封禁 滴滴向乘客致歉,http://finance.sina.com.cn/consume/puguangtai/2016-05-04/doc-ifxrtztc3231924.shtml,新浪财经,2016年05月04日,15:48
滴滴联通达成战略合作 “的哥”专属4G卡上线,http://tech.qq.com/a/20160504/028183.htm,腾讯科技,2016年05月04日,11:00
太原封杀滴滴快车和专车 滴滴:不做任何评论,http://www.donews.com/net/201605/2928380.shtm,DoNews,2016年05月24日,14:00
恶意刷单套取补贴 滴滴打车司机因犯诈骗罪被判刑,http://finance.ifeng.com/a/20160519/14396394_0.shtml,凤凰网,2016年05月19日,09:00
"太原封杀 ""滴滴""快车等 市民举报一辆奖励100元",http://finance.ifeng.com/a/20160524/14416826_0.shtml,凤凰网,2016年05月24日,14:00
"滴滴封禁8000名“异常”深圳司机账号,要求重新审核信息",http://news.163.com/16/0506/19/BMDGJB3300014AED.html,网易新闻,2016年05月06日,19:08
女子乘网约车遇害 滴滴称将承担责任,http://mobile.163.com/16/0504/15/BM7VHTD9001168BQ.html,网易手机,2016年05月04日,15:56
坐滴滴快车出车祸 医药费谁来出,http://news.sina.com.cn/o/2016-05-03/doc-ifxrtvtp2009264.shtml,新浪新闻,2016年05月03日,15:21
Uber与滴滴合并:一切都是为了盈利,http://news.sohu.com/20160802/n462093654.shtml,搜狐新闻,2016年08月02日,00:08
滴滴CEO程维:规模竞争过后 滴滴未来目标是发展技术,http://tech.qq.com/a/20160428/034859.htm,腾讯科技,2016年04月28日,12:00
"苹果10亿美金投资滴滴,你必须知道的六件事",http://luochao.baijia.baidu.com/article/450900,百度百家,2016年05月13日,10:00
外媒:优步中国将与滴滴合并 估值350亿美元,http://business.sohu.com/20160801/n462012047.shtml,搜狐财经,2016年08月01日,12:21
只有驾照也能跑专车 滴滴“伙伴创业计划”引发疑问,http://news.163.com/16/0427/18/BLM8OONF00014JB5.html,网易新闻,2016年04月27日,18:00
滴滴出免费供应新车新招 疑挑战出租车特许制度,http://business.sohu.com/20160427/n446358832.shtml,搜狐财经,2016年04月27日,08:21
苹果投资滴滴背后的秘密 原来10亿美元要这么花,http://tech.sina.com.cn/i/2016-05-16/doc-ifxsenvm0450167.shtml,新浪科技,2016年05月16日,06:00
柳青谈滴滴获苹果投资 10亿美元投资真因竟是这样,http://it.people.com.cn/n1/2016/0520/c1009-28365173.html,人民网,2016年05月20日,08:00
滴滴 - 滴滴相关新闻_图片_视频_网友讨论_文化_中华网,http://culture.china.com/baike_5ru05ru0.html,中华网文化频道,2016年06月15日,13:05
"刷单者要小心了,滴滴专车司机因恶意刷单被判诈骗罪",http://tech.qq.com/a/20160516/043522.htm,腾讯科技,2016年05月16日,13:00
滴滴优步遭遇万名司机大罢工 高额补贴假象被揭开,http://finance.sina.com.cn/roll/2016-04-23/doc-ifxrpvcy4361806.shtml?from=wap,新浪财经,2016年04月23日,03:12
深圳8千滴滴司机被封号 与乘客被害案有关,http://www.pcauto.com.cn/news/813/8139671.html,太平洋汽车网,2016年05月08日,21:13
你打的滴滴可能已经被截:有人非法制售抢单软件,http://money.163.com/16/0426/14/BLJ8EO0F00253B0H.html,网易财经,2016年04月26日,14:21
原阿里副总裁章文嵩加入滴滴 任高级副总裁,http://tech.sina.com.cn/i/2016-05-27/doc-ifxsqxxu4556650.shtml,新浪科技,2016年05月27日,20:00
滴滴推伙伴创业计划 无车也可开专车,http://business.sohu.com/20160421/n445292978.shtml,搜狐财经,2016年04月21日,09:28
滴滴最勤司机日均在线19小时?滴滴予以否认,http://gd.qq.com/a/20160510/030875.htm,大粤网,2016年05月10日,10:00
滴滴正远离初心 分享模式已死,http://finance.sina.com.cn/roll/2016-04-20/doc-ifxriqzw7549228.shtml,新浪财经,2016年04月20日,08:00
太原正式封杀“滴滴”快车 要和打车软件说再见了?,http://news.gmw.cn/2016-05/24/content_20239898.htm,光明网,2016年05月24日,14:00
滴滴帮你创业 为全职司机挖的坑?,http://auto.sohu.com/20160419/n444963757.shtml,搜狐汽车,2016年04月19日,17:56
滴滴启动伙伴创业计划,http://news.xinhuanet.com/local/2016-04/19/c_128908444.htm,新华网,2016年04月19日,07:04
没车也可申请滴滴车主,http://news.163.com/16/0419/03/BL00FA2000014AED.html,网易新闻,2016年04月19日,03:20
滴滴打车推出“伙伴创业计划” 无车也能当“滴滴车主”,http://news.163.com/16/0418/21/BKVCAAUM00014AEE.html,网易新闻,2016年04月18日,21:11
自营快车?变相卖车?滴滴又讲了一个故事,http://money.163.com/16/0418/20/BKV8KO9L00253B0H.html,网易财经,2016年04月18日,20:00
滴滴推“伙伴创业计划” 没有车也能成为滴滴车主,http://tech.qq.com/a/20160418/049987.htm,腾讯科技,2016年04月18日,17:00
滴滴推伙伴创业计划:2万首付领新车拉活,http://tech.ifeng.com/a/20160418/41596128_0.shtml,凤凰科技,2016年04月18日,16:00
"滴滴打车最近出事频繁 网络约车你还""约""吗",http://news.ifeng.com/a/20160506/48702367_0.shtml,凤凰网,2016年05月06日,10:00
"王刚:一找程维聊天,就舍不得卖滴滴的股份",http://www.jiemian.com/article/664823.html,界面新闻,2016年05月24日,16:00
昨日滴滴优步司机联合罢工,http://money.163.com/16/0416/12/BKP8J9UP00252G50.html,网易财经,2016年04月16日,12:25
海口“滴滴出行”事件当事女生报案 警方介入调查,http://news.ifeng.com/a/20160504/48682136_0.shtml,凤凰网,2016年05月04日,21:00
滴滴顺风车杀人事件:一桩或许本可以避免的惨案,http://www.huxiu.com/article/147546/,虎嗅网,2016年05月04日,15:00
活在滴滴“阴影”下 嘀嗒拼车还能如何突围?,http://business.sohu.com/20160429/n446762584.shtml,搜狐财经,2016年04月29日,08:10
滴滴司机偷拍女乘客 被永久封号罚1千(图),http://news.163.com/16/0418/16/BKUTLTE200011229.html,网易新闻,2016年04月18日,16:18
滴滴推伙伴创业计划 首批招募10万车主,http://tech.163.com/16/0418/16/BKUTCDIH000915BF.html,网易科技,2016年04月18日,16:07
滴滴推伙伴创业计划 无车也能当车主灵活就业,http://finance.ifeng.com/a/20160418/14330188_0.shtml,凤凰网,2016年04月18日,15:00
滴滴因为违规被封杀 打车软件未来何去,http://www.gfan.com/news/2016052585321.html,机锋网,2016年05月25日,11:00
举报滴滴有奖 太原整治行动遭网友差评,http://www.cnmo.com/soft/548566.html,手机中国,2016年05月25日,10:00
滴滴快速扩张隐患终现:里外不是人 专车司机谁来管,http://finance.sina.com.cn/chanjing/gsnews/2016-04-14/doc-ifxriqqx2409370.shtml,新浪财经,2016年04月14日,14:27
"滴滴打车变打人!济南女子乘车被扇脸,这事谁负责?",http://news.ifeng.com/a/20160507/48715995_0.shtml,凤凰网,2016年05月07日,19:00
滴滴顺风车司机被投诉后威胁:我资料假的 谁怕谁,http://business.sohu.com/20160417/n444589814.shtml,搜狐财经,2016年04月17日,15:40
滴滴打车订单取消 乘客被扣142.5元,http://news.sohu.com/20160413/n444016745.shtml,搜狐新闻,2016年04月13日,05:17
疯抢5万张100元的滴滴打车券!手慢无!,http://auto.qq.com/a/20160427/049101.htm,腾讯汽车,2016年04月27日,16:00
解读2016滴滴出行新生态,http://auto.gasgoo.com/News/2016/05/30014910491060360484450.shtml,盖世汽车网,2016年05月31日,06:00
男司机贷款买车跑滴滴 非法营运遭查获,http://cq.qq.com/a/20160523/007700.htm,腾讯大渝网,2016年05月23日,07:00
滴滴出行未来是共享还是直营?,http://auto.sina.com.cn/news/ct/2016-04-12/detail-ifxrcizu4043566.shtml,新浪汽车,2016年04月12日,11:56
私家车接入“滴滴”平台营运属非法,http://difang.gmw.cn/newspaper/2016-05/30/content_112829242.htm,光明网,2016年05月30日,13:00
运管部门查处一辆“滴滴车”,http://news.163.com/16/0415/01/BKLHMF4800014AED.html,网易新闻,2016年04月15日,01:44
深圳女教师深夜乘顺风车遇害 滴滴称将承担应有责任,http://www.donews.com/net/201605/2926059.shtm,DoNews,2016年05月04日,09:00
滴滴出行与招商银行联名卡正式发行,http://tech.163.com/16/0420/10/BL3D1B2N000915BF.html,网易科技,2016年04月20日,10:39
男子开滴滴顺风车发生事故 保险不理赔获法院支持,http://finance.sina.com.cn/chanjing/gsnews/2016-04-14/doc-ifxriqqv5660785.shtml,新浪财经,2016年04月14日,17:15
宁德市“滴滴快车”私家车实属“黑车”,http://www.mnw.cn/news/nd/1209285.html,闽南网,2016年05月31日,08:00
19点新闻|网曝昆明滴滴打车大量被扣 每辆车最高罚2万,http://news.gmw.cn/2016-05/29/content_20308316.htm,光明网,2016年05月29日,07:00
滴滴推“伙伴创业计划”能成为全民创业新平台吗?,http://laotie.baijia.baidu.com/article/414471,百度百家,2016年04月19日,09:00
滴滴司机刷单首案:开车收入不如补贴高?,http://www.ithome.com/html/it/226805.htm,IT之家,2016年05月20日,07:41
网曝滴滴乱收费被疑绕路 去程92元回程花32,http://news.sohu.com/20160412/n443952657.shtml,搜狐新闻,2016年04月12日,14:57
重庆出租车堵截滴滴打车 滴滴没了还会有 优步 神州,http://www.zhicheng.com/n/20160526/71191.html,至诚财经网,2016年05月26日,10:57
滴滴打车加盟条件?快速注册滴滴司机只需3分钟,http://www.chinaz.com/news/2016/0518/532572.shtml,站长之家,2016年05月18日,15:00
"滴滴打车加盟条件,滴滴专车司机注册攻略!",http://www.chinaz.com/news/2016/0518/532551.shtml,站长之家,2016年05月18日,14:00
滴滴高管终于承认融资传言 而且还爆了一个更猛的料,http://tech.qq.com/a/20160407/047236.htm,腾讯科技,2016年04月07日,16:00
女教师乘滴滴顺风车遇害后 杭州审查14万名网约车司机信息,http://tech.sina.com.cn/i/2016-05-11/doc-ifxryhhi8640053.shtml,新浪科技,2016年05月11日,11:00
"“滴滴”又遭封杀,路在何方?",http://news.cjn.cn/cjsp/cjzb/201605/t2829008.htm,长江网,2016年05月24日,16:00
私家车用“滴滴”揽活被查处 部门:无营运证,http://news.163.com/16/0409/07/BK6NFBSA00014SEH.html,网易新闻,2016年04月09日,07:02
"苹果10亿美元投资滴滴出行,机会和风险同在",http://www.ithome.com/html/it/225490.htm,IT之家,2016年05月15日,14:39
滴滴“顺风车”不是“合乘” 私家车营运行为保险公司不理赔,http://finance.sina.com.cn/sf/news/2016-04-14/180027273.html,新浪财经,2016年04月14日,18:00
女子用滴滴拼车原本只要14.5元 结果被收了50元(图),http://news.163.com/16/0414/09/BKJR59QR00014AEE.html,网易新闻,2016年04月14日,09:37
上海500辆海博出租车上线滴滴平台 司机份子钱取消了,http://tech.sina.com.cn/i/2016-05-03/doc-ifxrtztc3165123.shtml,新浪科技,2016年05月03日,10:23
滴滴打车司机版怎么注册——滴滴出行加盟攻略,http://www.chinaz.com/news/2016/0518/532554.shtml,站长之家,2016年05月18日,14:00
"滴滴想用免费送车的方式,招募10万车主来做全职司机",http://money.163.com/16/0418/17/BKV0P41100253B0H.html,网易财经,2016年04月18日,17:00
江城滴滴等专车平台 被要求全面取消优惠,http://finance.sina.com.cn/roll/2016-04-18/doc-ifxriqri6696162.shtml,新浪财经,2016年04月18日,07:17
美女作陪 库克发微博晒与滴滴总裁柳青合照,http://news.cnfol.com/it/20160516/22761496.shtml,中金在线,2016年05月16日,14:00
重庆出租车杠上滴滴打车 网友:没滴滴还有优步神州,http://www.yzmg.com/zixun/136381.html,亿智蘑菇,2016年05月25日,14:38
滴滴快车司机边开车边自慰 4名高中生被吓坏,http://video.sina.com.cn/view/250577769.html,新浪视频,2016年05月05日,08:00
"推出伙伴创业计划,滴滴到底想要干什么?",http://tech.sina.com.cn/zl/post/detail/i/2016-04-21/pid_8506672.htm,新浪科技,2016年04月21日,08:00
“滴滴快车”司机车费打闷包 起步费也有潜规则?,http://sh.eastday.com/m/20160504/u1a9341380.html,东方网,2016年05月04日,15:57
"滴滴快车高峰贵了,优步暂未跟进 平峰出行更便宜(图)",http://news.163.com/16/0405/08/BJSFV84O00014AED.html,网易新闻,2016年04月05日,07:57
网约车新政或将出台 滴滴优步将遭强力约束,http://auto.sohu.com/20160421/n445276335.shtml,搜狐汽车,2016年04月21日,07:00
变态!滴滴司机赤裸下身开车聊女性话题,http://www.chinaz.com/news/2016/0510/529977.shtml,站长之家,2016年05月10日,17:00
污!天津滴滴顺风车司机赤裸下身开车!还发威胁短信,http://news.ifeng.com/a/20160510/48743209_0.shtml,凤凰网,2016年05月10日,10:00
市民可“0元”购车成为滴滴司机,http://news.ifeng.com/a/20160419/48503720_0.shtml,凤凰网,2016年04月19日,06:00
网约车新政最快5月份出台 滴滴等模式将受限,http://business.sohu.com/20160420/n445161007.shtml,搜狐财经,2016年04月20日,15:31
滴滴筛查司机背景 清退重大刑事犯罪前科司机,http://tech.qq.com/a/20160331/047572.htm,腾讯科技,2016年03月31日,15:00
深圳交警回应:滴滴专车撞乘客后 接单司机无报警,http://www.cs.com.cn/xwzx/cj/201603/t20160331_4937679.html,中证网,2016年03月31日,10:00
武汉一滴滴司机抢劫强奸女乘客,http://news.163.com/16/0409/15/BK7J5DLR00014Q4P.html,网易新闻,2016年04月09日,15:00
用滴滴打车被私家车接单 能否放心乘坐,http://www.northnews.cn/2016/0524/2178594.shtml,正北方网,2016年05月24日,15:46
"又是滴滴丨顺风车司机裸下身开车,被依法行政拘留",http://news.gmw.cn/2016-05/11/content_20034653.htm,光明网,2016年05月11日,08:00
滴滴企业版客户近15000家 核心用户日订单量超10万,http://tech.ifeng.com/a/20160330/41587867_0.shtml,凤凰科技,2016年03月30日,11:00
滴滴被立案调查 揭秘滴滴被查真实原因,http://www.china.com.cn/shehui/2016-03/30/content_38138934.htm,中国网,2016年03月30日,08:12
西安大量出租聚集 滴滴优步又躺枪了,http://d.youth.cn/sk/201605/t20160531_8068756_2.htm,中国青年网,2016年05月31日,17:00
滴滴颁布新版安全指引 投入数亿提升安全保障,http://news.xinhuanet.com/interview/2016-03/29/c_1118472073.htm,新华网,2016年03月29日,09:38
滴滴颁布新安全指引,http://news.163.com/16/0329/02/BJ9SE3RS00014Q4P.html,网易新闻,2016年03月29日,02:51
"深圳8千余名滴滴司机被“封号”,原因让人心惊!",http://news.gmw.cn/2016-05/09/content_20018954.htm,光明网,2016年05月09日,18:00
滴滴回应快车司机强奸女乘客:司机此前无犯罪记录,http://tech.ifeng.com/a/20160411/41592552_0.shtml,凤凰科技,2016年04月11日,06:00
女子“滴滴打车”遭强奸司机被判刑三年三个月,http://news.163.com/16/0411/05/BKBLN03300014SEH.html,网易新闻,2016年04月11日,05:30
滴滴、Uber司机组织停运 共享经济下的新“罢工”,http://www.donews.com/net/201604/2924129.shtm,DoNews,2016年04月15日,18:00
“滴滴”车主保险索赔案败诉,http://news.ifeng.com/a/20160415/48465243_0.shtml,凤凰网,2016年04月15日,05:00
滴滴打车赚钱吗?滴滴打车加盟条件汇总,http://www.chinaz.com/news/2016/0505/528626.shtml?_t_t_t=0.10566686559468508,站长之家,2016年05月05日,17:00
柳甄回应Uber与滴滴合并:纯属谣言,http://www.techweb.com.cn/column/2016-08-01/2368160.shtml,Techweb,2016年08月01日,11:38
女教师乘坐滴滴顺风车被害 深圳8千余名滴滴司机被“封号”,http://365jia.cn/news/2016-05-08/0198FFAFD3E760A6_2.html,万家热线,2016年05月08日,16:56
女教师乘坐滴滴顺风车被害 深圳8千余名滴滴司机被“封号”,http://365jia.cn/news/2016-05-08/0198FFAFD3E760A6_3.html,万家热线,2016年05月08日,16:54
女子深夜“滴滴打车”遭强奸 司机被判刑三年三个月,http://news.sina.com.cn/o/2016-04-09/doc-ifxrcizu3879799.shtml,新浪新闻,2016年04月09日,16:35
滴滴司机强奸女乘客 一审被判3年3个月,http://news.163.com/16/0409/02/BK673MQC00014Q4P.html,网易新闻,2016年04月09日,02:09
"专车APP实力比拼,易到、滴滴、Uber、神州你会选谁?",http://www.thethirdmedia.com/Article/201605/show372079c77p1.html,第三媒体,2016年05月27日,11:02
滴滴快车司机偷拍女乘客照片 在微信群分享,http://money.163.com/16/0414/14/BKKDCJG900253B0H.html,网易财经,2016年04月14日,14:33
女子用滴滴出行软件叫车 5秒钟行程就结束竟被扣了495元,http://365jia.cn/news/2016-05-03/63090D54B4687FE7.html,万家热线,2016年05月03日,16:43
上海查专车:滴滴被立案调查,http://finance.ifeng.com/a/20160329/14295785_0.shtml,凤凰网,2016年03月29日,14:00
滴滴又出命案 深圳女教师搭假车牌滴滴顺风车遭司机抢劫抛尸,http://it.21cn.com/itnews/a/2016/0503/23/30990980.shtml,21CN,2016年05月03日,23:11
滴滴打车怎么了?恶性事件频频发生,http://news.qudong.com/article/329801.shtml,驱动中国,2016年05月10日,15:00
"市区滴滴打车,竟被收5元“高速费”(图)",http://news.163.com/16/0413/07/BKH2335900014Q4P.html,网易新闻,2016年04月13日,07:03
"专车领域出现变种外挂,滴滴神州无一幸免",http://www.jiemian.com/article/621347.html,界面新闻,2016年04月25日,10:00
滴滴快车司机注册专车司机端下载安装—官方攻略,http://android.tgbus.com/news/bd/201605/545604.shtml,电玩巴士,2016年05月13日,10:30
滴滴企业出行入驻微信企业号 员工可直接用微信叫车,http://www.techweb.com.cn/internet/2016-05-18/2334549.shtml,Techweb,2016年05月18日,14:00
劫杀案司机已批捕 滴滴打车安不安全?搭乘前你最好知道这些,http://www.takefoto.cn/viewnews-777650.html,北晚新视觉,2016年05月18日,10:45
砺石| 滴滴估值大泡沫,http://business.sohu.com/20161008/n469698678.shtml,搜狐财经,2016年10月08日,07:59
滴滴打车加盟条件有哪些?怎么注册滴滴打车司机,http://www.chinaz.com/news/2016/0504/528224.shtml,站长之家,2016年05月04日,18:15
滴滴打车到底安不安全?搭乘快车前你最好知道这些,http://news.dahe.cn/2016/05-07/106820194.html,大河网,2016年05月07日,08:00
深圳交警:滴滴快车司机从未报警 并与事故相关,http://news.163.com/16/0331/12/BJG3M6IG0001124J.html,网易新闻,2016年03月31日,12:00
女子“滴滴打车”遭司机强暴 法院查明车主登记与司机不符,http://legal.people.com.cn/n1/2016/0409/c42510-28262767.html,人民网,2016年04月09日,14:00
艾瑞数据显示2015年滴滴专车市场份额达88.4%,http://finance.ifeng.com/a/20160329/14295584_0.shtml,凤凰网,2016年03月29日,12:00
滴滴在深圳区域停止激活非粤B牌车辆,http://gd.qq.com/a/20160407/008557.htm,大粤网,2016年04月07日,07:00
滴滴顺风车杀人事件:一桩或许本可以避免的惨案,http://news.paidai.com/17185,派代网,2016年05月04日,16:00
"""滴滴""司机被曝在4名女高中生前自慰摆弄下体(图)",http://news.shm.com.cn/2016-05/04/content_4470910.htm,水母网,2016年05月04日,06:09
招募司机+卖车 滴滴推出伙伴创业计划,http://www.jiemian.com/article/616285.html,界面新闻,2016年04月19日,17:00
乘客给滴滴司机一星差评遭人肉和死亡威胁(图),http://www.mnw.cn/xiamen/news/1174314.html,闽南网,2016年05月05日,09:00
"开着宝马5系跑滴滴,居然有这种情况发生!",http://auto.sohu.com/20160401/n443150576.shtml,搜狐汽车,2016年04月01日,22:48
滴滴,http://money.163.com/16/0318/10/BIEC1FEV00253B0H.html,网易财经,2016年03月18日,10:48
海口滴滴司机拉客时自慰被拘 称因乘客裙子短,http://news.hainan.net/hainan/shixian/qb/toutiao/2016/05/09/2965249.shtml,海南在线,2016年05月09日,08:00
深圳通报滴滴等网约车:上千司机有吸毒前科,http://money.163.com/16/0330/07/BJD0PMM3002534NV.html,网易财经,2016年03月30日,07:46
滴滴优步向车主承诺“报销罚款”,http://news.163.com/16/0330/02/BJCFRG6600014Q4P.html,网易新闻,2016年03月30日,02:42
滴滴快车司机利用系统漏洞赚取乘客违约费,http://www.cnhubei.com/pd_v12/jr/tp/201604/t3605499.shtml,荆楚网,2016年04月26日,18:28
专车领域出现变种外挂 滴滴神州无一幸免,http://www.ebrun.com/20160422/173331.shtml,亿邦动力网,2016年04月22日,10:28
多家专车被曝给司机报销罚款 滴滴被立案,http://business.sohu.com/20160329/n442670893.shtml,搜狐财经,2016年03月29日,10:52
滴滴司机强奸乘客 教你几招必备的防狼必杀技,http://news.youth.cn/sh/201604/t20160411_7844109.htm,中国青年网,2016年04月11日,10:09
"广州首次实名披露非法营运平台,滴滴、优步遭曝光(图)",http://news.163.com/16/0403/10/BJNI35JU00014AED.html,网易新闻,2016年04月03日,09:00
读城|深圳女教师坐滴滴顺风车被劫杀真相曝光,http://news.ycwb.com/2016-05/05/content_21977420.htm,金羊网,2016年05月05日,08:00
"拼车模式越拼越远,滴滴快车不快司机乘客都无奈",http://news.gmw.cn/2016-04/22/content_19816539.htm,光明网,2016年04月22日,16:00
滴滴首次与出租车公司合作专车业务,http://companies.caixin.com/2016-04-26/100936963.html,财新网,2016年04月26日,19:31
去年滴滴专车市场份额达88.4% 移动出行用户达4亿,http://it.people.com.cn/n1/2016/0330/c1009-28238462.html,人民网,2016年03月30日,13:00
上海整治网络约车平台 立案调查滴滴打车,http://it.21cn.com/top/a/2016/0330/11/30842285.shtml,21CN,2016年03月30日,11:10
滴滴探索卖车变现 一期要卖给十万车主?,http://www.ebrun.com/20160418/172745.shtml,亿邦动力网,2016年04月18日,16:14
昆明部分滴滴专车“歇业”,http://times.clzg.cn/html/2016-04/25/content_561337.htm,都市时报,2016年04月25日,01:41
深圳约谈滴滴优步5平台 将清理不合格司机和车辆,http://finance.sina.com.cn/roll/2016-03-30/doc-ifxqssxu8599752.shtml,新浪财经,2016年03月30日,09:10
滴滴顺风车又出事:深圳女教师约车惨遭抢劫抛尸 以后还敢乘滴滴吗?,http://www.wj001.com/news/wangyanzhiji/2016-05-04/1343280.html,武进新闻网,2016年05月04日,09:31
“滴滴神器”现身网络:可帮司机加速读秒、自动抢单,http://www.ithome.com/html/it/219372.htm,IT之家,2016年04月20日,07:49
"滴滴乱收费?上车一口价7块2,下车成了25块3!",http://www.dzwww.com/shandong/sdnews/201604/t20160416_14152890.htm,大众网,2016年04月16日,07:00
“滴滴”车出事故 保险拒赔判合法,http://www.nbd.com.cn/articles/2016-04-15/998339.html,每日经济新闻,2016年04月15日,12:04
【头条】今天开始打滴滴、优步都没有优惠啦!,http://news.gmw.cn/2016-04/12/content_19678213.htm,光明网,2016年04月12日,18:00
【最新追踪】滴滴一下无法出行?投诉无门的专车司机权益谁来保障,http://news.gmw.cn/2016-04/12/content_19671564.htm,光明网,2016年04月12日,13:00
滴滴司机强奸乘客还抢劫 两罪并罚获刑8年,http://sc.sina.com.cn/news/s/2016-04-09/detail-ifxrcizs7121725.shtml,新浪四川站,2016年04月09日,14:38
滴滴在汉招车主 市民可“0元”购车成为滴滴司机,http://news.hbtv.com.cn/p/132374.html,湖北网络广播电视台,2016年04月19日,07:00
海口4名女高中生乘坐“滴滴快车” 司机竟边开车边自慰,http://hainan.sina.com.cn/news/hnyw/2016-05-03/detail-ifxrtzte9923678.shtml,新浪海南站,2016年05月03日,22:05
"这是真的,不花一分钱就可以拿到一台车当滴滴司机",http://www.tetimes.com/2016/0418/30567.shtml,特网,2016年04月18日,18:00
滴滴出行伙伴创业计划:缴2万元保障金可免费领车做滴滴车主,http://www.techweb.com.cn/internet/2016-04-18/2317649.shtml,Techweb,2016年04月18日,15:00
女子用滴滴拼车反而更贵 原本14.5元却付了50元,http://www.mnw.cn/news/fz/1151102.html,闽南网,2016年04月14日,09:00
雨天早高峰滴滴快车出行三四倍调价 百元单频出,http://www.mnw.cn/news/fz/1155238.html,闽南网,2016年04月19日,10:00
网曝滴滴打车乱收费 恶德司机需严管,http://www.chinaz.com/news/2016/0413/521517.shtml,站长之家,2016年04月13日,11:00
女子深夜“滴滴打车”遭强奸 司机被判刑三年三个月,http://news.ycwb.com/2016-04/09/content_21771003.htm,金羊网,2016年04月09日,08:00
河南首家滴滴车主俱乐部在郑州开业,http://news.dahe.cn/2016/04-17/106719858.html,大河网,2016年04月17日,20:00
河南首家滴滴车主俱乐部在郑州开业,http://news.hnr.cn/dj/201604/t20160417_2436000.html,映象网,2016年04月17日,20:00
乘客质疑滴滴拼车“一口价”车费翻6倍,http://www.sd.chinanews.com.cn/2/2016/0412/13433.html,中国新闻网山东新闻,2016年04月12日,20:00
滴滴发布安全新规 遇事故承担保险外全责?,http://www.jiemian.com/article/590405.html,界面新闻,2016年03月29日,23:00
私家车开“滴滴” 南京交警一小时查扣3辆,http://www.njdaily.cn/2016/0415/1369278.shtml,南报网,2016年04月15日,11:00
武汉首例“滴滴顺风车”车主保险索赔案败诉,http://www.hb.xinhuanet.com/2016-04/15/c_1118627262.htm,新华网湖北站,2016年04月15日,08:44
滴滴司机注册信息与实际不符 类似情况非常普遍,http://sh.sina.com.cn/news/g/2016-04-15/detail-ifxriqqx2479880.shtml,新浪上海站,2016年04月15日,07:17
滴滴每天订单数量吓人 仅次于淘宝,http://www.techweb.com.cn/digitallife/2016-03-27/2304508.shtml,Techweb,2016年03月27日,16:33
武汉美女深夜打滴滴快车遭强奸 司机自称杀过人,http://hb.sina.com.cn/news/sh/2016-04-09/detail-ifxrcizs7113559.shtml,新浪湖北,2016年04月09日,10:45
"当滴滴优步司机罢工的时候,易到的心情是怎样?",http://www.sootoo.com/content/662830.shtml,速途网,2016年04月22日,23:00
"北京的滴滴优步司机搞罢工了,这种情况以后可能会越来越多 | 早 8 ...",http://cn.technode.com/post/2016-04-17/bj-didi-uber-bagong/,动点科技,2016年04月17日,08:56
从长沙一位滴滴司机转型看城市出行创新服务,http://hn.rednet.cn/c/2016/04/22/3966258.htm,红网,2016年04月22日,10:10
真实电话不显示 滴滴出行400专线来了,http://www.cnmo.com/soft/543711.html,手机中国,2016年04月08日,10:00
-滴滴快车被罚:滴滴官方——车辆被查扣 有专人提车,http://www.ahtv.cn/c/2016/0329/00741650.html,安徽电视台,2016年03月29日,23:25
"私家车通过""滴滴打车""揽活 被查后司机竟称合法",http://yantai.dzwww.com/xinwen/ytxw/ytsh/201604/t20160407_14112991.htm,大众网,2016年04月07日,16:00
"“滴滴专车”被罚,到底能不能再叫车",http://media.china.com.cn/cmcy/2016-04-03/686598.html,中国网,2016年04月03日,10:20
"上海查处网络约车平台,滴滴被立案调查",http://36kr.com/clipped/17853,36kr,2016年03月29日,14:00
广州滴滴司机强奸漂亮女乘客 嫌犯无固定工作见色起意,http://fj.china.com.cn/2016-04/09/content_16990467.htm,中国网福建频道,2016年04月09日,15:00
滴滴被立案调查 上海查处网络约车平台滴滴撞上枪眼,http://t.qianzhan.com/ind/detail/160329-19946e7f.html,头条前瞻,2016年03月29日,14:37
合肥运管处向滴滴、优步等软件宣战了!!逮到罚2万!,http://news.wehefei.com/system/2016/03/29/010676226.shtml,合肥网,2016年03月29日,10:04
滴滴被调查最新消息:四家打车平台被开5张罚单,http://www.dyhjw.com/gold/20160331-10303.html,第一黄金网,2016年03月31日,14:00
十辆出租车围堵“滴滴快车” 交通部门称属非法营运车辆,http://www.dezhoudaily.com/zhengwu/12345/zxbd/2016/04/2016-04-011111362.html,德州新闻网,2016年04月01日,08:00
从滴滴估值缩水100亿谈起:所谓高级的玩标题伎俩,http://business.sohu.com/20160824/n465788461.shtml,搜狐财经,2016年08月24日,17:21
滴滴新版安全指引“放大招” 承诺安全事故100%赔偿,http://www.gywb.cn/content/2016-03/28/content_4744322.htm,贵阳晚报,2016年03月28日,17:44
滴滴快的合并非总决赛 现在才明白那只是亚洲小组赛,http://business.sohu.com/20160420/n445089460.shtml,搜狐财经,2016年04月20日,08:42
深圳清理异地网约车 滴滴优步限制异地网约车接单,http://city.shenchuang.com/city/20160412/330233.shtml,深圳之窗,2016年04月12日,16:00
深圳“滴滴村”探秘:这里有一千多专车司机,http://cnews.chinadaily.com.cn/2016-04/06/content_24315310.htm,中国日报,2016年04月06日,10:00
滴滴被立案调查或将罚款 涉司机个人信息不合格,http://china.ynet.com/3.1/1603/29/11105287.html,北青网,2016年03月29日,21:40
上海滴滴被立案调查 违规司机或暂扣机动车驾驶证,http://www.cnhuadong.net/system/2016-3-29/content_1732275.shtml,华东在线,2016年03月29日,15:24
东莞官方版“滴滴打车”明天上线 再也不怕坐错黑车了,http://zwgk.gd.gov.cn/007330010/201603/t20160331_650058.html,广东省人民政府,2016年03月31日,23:45
司机对滴滴由爱极生恨了?那你了解过滴滴的用户和司机的运营策略吗?,http://news.startup-partner.com/news/4211.html,12小时前
滴滴出行诚聘新媒体策划实习生,http://www.rongmeiti.net/zhaopin/20161224/6660.htm,融媒体网,2016年12月24日,15:03
六折 滴滴快车全城六折出行 这一次我们玩点大的,http://news.focus.cn/hrb/2016-12-22/11319142.html,搜狐焦点,2016年12月22日,10:00
曝滴滴 Uber价格涨三成 真的扛不住了,http://nanning.gxorg.com/qczj/203.html,八桂网,2016年12月21日,00:00
“滴滴打车”可以一照合法,http://ex.cssn.cn/fx/fx_xzfx/201608/t20160808_3154057.shtml,中国社会科学网,2016年08月08日,16:00
滴滴活动新花样:Angel Deliver——圣诞天使企业送咖啡,http://news.163.com/16/1226/11/C978R7CS00014SEH.html,网易新闻,10小时前
《北上广2》朱亚文陈妍希“怼”出情 点点滴滴爱意满满,http://www.mnw.cn/news/ent/1513739.html,闽南网,12小时前
济南:打个滴滴车 钱包落车上,http://v.iqilu.com/ggpd/msztc1/201612/23/4387165.html,齐鲁网,2016年12月23日,19:01
滴滴程维:新经济企业可成为去产能职工就业的蓄水池,http://finance.ce.cn/rolling/201612/26/t20161226_19137731.shtml,中国经济网,4小时前
《北上广2》朱亚文陈妍希“怼”出情 点点滴滴爱意满满,http://www.mnw.cn/news/ent/1513739.html,闽南网,12小时前
滴滴程维:新经济企业可成为去产能职工就业的蓄水池,http://finance.ce.cn/rolling/201612/26/t20161226_19137731.shtml,中国经济网,4小时前
"上海交通委“收编”滴滴快的,成第一家合法打车平台",http://www.lanjingtmt.com/news/detail/10018.shtml?utm_source=tuicool&utm_medium=referral,蓝鲸TMT网,2016年12月04日,16:53
"我真的没有唱衰滴滴,只是好奇它还能活多久?",http://business.sohu.com/20161010/n469853747.shtml,搜狐财经,2016年10月10日,09:04
陌生患儿倒地 沈阳滴滴专车司机闯俩红灯紧急送医,http://liaoning.lnd.com.cn/htm/2016-12/20/content_4505404.htm,北国网,2016年12月20日,19:40
滴滴专车司机每天交140元租车费,http://auto.ifeng.com/yuncheng/xinwen/2016/1002/2238.shtml,凤凰汽车,2016年10月02日,08:09
滴滴打车有漏洞 几元就能买到上百元的“专车劵”,http://news.dahe.cn/2016/09-28/107547924.html,大河网,2016年09月28日,14:00
"被Uber狠狠地耍了,滴滴程维的内心应该很崩溃",http://tech.ifeng.com/a/20161027/44478787_0.shtml,凤凰科技,2016年10月27日,08:00
滴滴与Uber的战斗终于落下帷幕 这笔交易到底谁是真正赢家?,http://tech.qq.com/a/20160814/013789.htm,腾讯科技,2016年08月14日,13:00
滴滴与Uber合并:补贴大战不是全部原因 真正的推手是他们,http://business.sohu.com/20160802/n462114125.shtml,搜狐财经,2016年08月02日,07:18
滴滴投资Uber中国10亿美金 两者或将正式合并,http://business.sohu.com/20160801/n462032136.shtml,搜狐财经,2016年08月01日,15:01
"滴滴快车司机补贴政策调整,司机收入有何影响?",http://www.iautos.cn/news/91945.html,第一车网,2016年08月23日,11:37
"滴滴快车司机补贴政策调整,司机收入有何影响?",http://www.iautos.cn/wb/cntvnews/newscontent.asp?newsid=91945,第一车网,2016年08月23日,10:32
滴滴,http://newseed.pedaily.cn/vc/37371,新芽网,2015年09月18日,13:41
滴滴出行 全国第一款能打到正规出租车的叫车应用,http://app.hiapk.com/live/1637601.html,安卓网,2015年09月10日,15:32
滴滴打车 最受用户喜爱实用的手机打车软件,http://app.hiapk.com/map/1633083.html,安卓网,2015年08月14日,14:34
滴滴快的,http://www.tmtpost.com/tag/1010959,钛媒体,2015年07月06日,14:25
苹果投资滴滴背后的四重深意,http://news.xinhuanet.com/info/2016-05/19/c_135368769.htm,新华网,2016年05月19日,06:12
"苹果投资滴滴背后:一个病急乱投医,一个骑虎难下",http://it.sohu.com/20160514/n449438927.shtml,搜狐科技,2016年05月14日,14:38
