成都共享单车地铁口30米内不能停?交警回应,http://news.sohu.com/20161226/n476932826.shtml,搜狐新闻,10小时前
百度投资?又一共享单车现身:煞是好看,http://news.zol.com.cn/621/6212060.html,中关村在线,4小时前
"近200辆共享单车被锁,因为乱停放?",http://tech.163.com/16/1226/05/C96K67CK00097U86.html,网易科技,16小时前
骑呗如何在共享单车的赛道上弯道超车,http://finance.ce.cn/rolling/201612/26/t20161226_19121057.shtml,中国经济网,15小时前
"未来创业新风口,吹碎了多少人工智能/共享单车的梦想",http://www.eefocus.com/component/374971/p2,与非网,8小时前
分时租赁汽车暗战将起 竞争远不及共享单车火爆,http://finance.sina.com.cn/chanjing/cyxw/2016-12-26/doc-ifxyxusa5442342.shtml,新浪财经,13小时前
爆料:又有巨头要挤入共享单车大战了?,http://it.sohu.com/20161226/n476949978.shtml,搜狐科技,8小时前
[中性评级]传媒行业周报:浅谈共享单车,http://www.cfi.net.cn/p20161226000467.html,中国财经信息网,11小时前
共享经济持续吹暖单车领域 概念股活跃,http://stock.cnstock.com/stock/smk_gszbs/201612/3988291.htm,中国证券网,12小时前
传媒行业周报:浅谈共享单车,http://finance.qq.com/a/20161226/014983.htm,腾讯财经,12小时前
印尼万隆将推出单车共享系统Boseh 共设30个站点,http://tech.163.com/16/1226/13/C97FB52A00097U7R.html,网易科技,8小时前
地铁口几百辆共享单车被锁了 物业承认“锁单车”,http://gd.qq.com/a/20161226/006710.htm,大粤网,13小时前
发文规范 建停车点:解决共享单车违停还有什么方法,http://tech.sina.com.cn/i/2016-12-26/doc-ifxyxusa5468154.shtml,新浪科技,7小时前
共享单车 “罪与罚”,http://news.cnfol.com/it/20161226/24053820.shtml,中金在线,3小时前
快讯:共享单车概念股异动 信隆健康封涨停,http://stock.hexun.com/2016-12-26/187498361.html,和讯,12小时前
上海多辆摩拜单车疑遭高空抛下 运营方已报警,http://news.sohu.com/20161226/n476960818.shtml,搜狐新闻,6小时前
共享单车不能乱停了 成都今起施画新版非机动车停车线,http://sc.sina.com.cn/news/b/2016-12-26/detail-ifxyxury8715459.shtml,新浪四川站,8小时前
骑共享单车摔倒了 有没有保险公司赔偿?,http://www.nbd.com.cn/articles/2016-12-26/1064959.html,每日经济新闻,1小时前
逾10万辆共享单车抢滩广州 受欢迎但安全问题浮现,http://xian.qq.com/a/20161226/011155.htm,腾讯网,12小时前
[帮忙有一套]随便变方便 共享单车有“家”啦,http://news.cctv.com/2016/12/26/VIDE33Bd2JkKnVSgiOXWKc6F161226.shtml,cctv新闻,2小时前
爆料:又有巨头要挤入共享单车大战了?,http://stock.10jqka.com.cn/20161226/c595738056.shtml,同花顺,9小时前
快讯:共享单车概念股异动 信隆健康封涨停,http://stock.hexun.com/2016-12-26/187498361.html,和讯,12小时前
"近200辆共享单车被锁,为何?",http://www.oeeee.com/nis/201612/26/482381.html,奥一网,13小时前
共享单车停哪里? 我市统一设置停放区位,http://news.163.com/16/1226/02/C966LNQG000187VI.html,网易新闻,20小时前
开盘:两市低开沪指跌0.47% 共享单车概念重挫,http://news.163.com/16/1226/09/C9711ET700018AOQ.html,网易新闻,13小时前
不管共享单车进军海外是不是噱头 反正自行车厂是咸鱼翻身了,http://www.jlonline.com/caijing/2016-12-26/112273.shtml,金陵热线,12小时前
成都禁乱停共享单车设非机动车停放区位,http://news.ifeng.com/a/20161226/50472934_0.shtml,凤凰网,21小时前
共享单车遇烦恼:损耗率高企 盈利模式仍待探讨,http://www.redsh.com/a/20161226/120950_2.shtml,红商网,10小时前
共享单车“骑”入新区,http://barb.sznews.com/html/2016-12/26/content_3695260.htm,中国经济网,15小时前
快讯:共享单车概念股卷土重来 信隆健康涨停,http://stock.jrj.com.cn/2016/12/26095521885421.shtml,金融界,12小时前
共享单车不再是想停就能停哦,http://news.scol.com.cn/gdxw/201612/55780807.html,四川在线,16小时前
共享单车遭遇成长烦恼:损耗率高企 盈利模式仍待探讨,http://www.cs.com.cn/xwzx/cj/201612/t20161225_5134467.html,中证网,2016年12月25日,17:00
地铁站出入口30米内禁放非机动车 共享单车应停放专门停车位,http://news.163.com/16/1226/02/C969ANN1000187VI.html,网易新闻,19小时前
[看东方]“永久”进军共享单车市场 春节前后亮相申城,http://news.cctv.com/2016/12/26/VIDE5nh8n3R1JpVf46XpgMOU161226.shtml,cctv新闻,12小时前
共享单车注意了! 成都地铁站出入口30米内禁停,http://sc.cnr.cn/sc/2014cd/20161226/t20161226_523392284_1.shtml,中国广播网四川频道,13小时前
东南亚电商头条:印尼万隆明年引入共享单车,http://news.10jqka.com.cn/20161226/c595742296.shtml,同花顺金融服务网,7小时前
共享单车注意了! 成都地铁站出入口30米内禁停,http://sc.people.com.cn/n2/2016/1226/c345167-29511925-2.html,人民网四川站,15小时前
"未来创业新风口,吹碎了多少人工智能/共享单车的梦想",http://www.eefocus.com/component/374971,与非网,8小时前
开盘:两市低开沪指破3100 共享单车等热门板块重挫,http://stock.hexun.com/2016-12-26/187497937.html,和讯,12小时前
"反攻硅谷、进军伦敦,国内共享单车能成功出口吗?",http://tech.qq.com/a/20161224/013183.htm,腾讯科技,2016年12月24日,13:00
在共享单车赛道上弯道超车,http://www.cs.com.cn/ssgs/hyzx/201612/t20161224_5134209.html,中证网,2016年12月24日,09:00
“共享单车”刚面市就遭遇素质危机,http://news.163.com/16/1224/08/C91NE3C3000187VG.html,网易新闻,2016年12月24日,08:12
时尚共享单车路遇种种尴尬,http://news.21cn.com/caiji/roll1/a/2016/1224/04/31811411.shtml,21CN,2016年12月24日,04:45
时尚共享单车路遇种种尴尬,http://news.21cn.com/caiji/roll1/zhnb/2016/1224/04/31811411.shtml,21CN,2016年12月24日,04:00
单车共享重新定义共享经济,http://finance.sina.com.cn/roll/2016-12-24/doc-ifxyxvcr7401660.shtml,新浪财经,2016年12月24日,01:47
共享单车Hellobike与平安达成合作 推“骑乘人员险”,http://www.sootoo.com/content/668949.shtml,速途网,4小时前
成都:共享单车地铁口30米内禁停 不得影响商家正常经营,http://news.chinaso.com/stat/a.html?url=8E4A912C54052FC573CED7C5CFD6A7159F84E99D7902D857B595327288F49B73B94FA69361E785D69C5F0A2261F79A71FA7999BC6938C199FE22E8E3E5F8FE45AD4021DB9ABCD50D,中国搜索,12小时前
黄斌汉:【涨停精参】单车共享之后地图火了!,http://licaishi.sina.com.cn/view/542208?ind_id=1,新浪,14小时前
"反攻硅谷、进军伦敦,国内共享单车们能成功吗? | 投资潮",http://www.investide.cn/news/332923?i=1,投资潮,5小时前
圣诞快乐 圣诞礼物为共享单车。,http://licaishi.sina.com.cn/view/542111?ind_id=1,新浪,2016年12月25日,11:22
"未来创业新风口,吹碎了多少人工智能/共享单车的梦想",http://www.eefocus.com/component/374971/p3,与非网,8小时前
"【快讯】共享单车概念股快速拉升,信隆健康直线拉升封涨停,深中华A...",http://www.nbd.com.cn/articles/2016-12-26/1064798.html,每日经济新闻,12小时前
高调优拜单车“纸上谈兵”,http://business.sohu.com/20161225/n476898627.shtml,搜狐财经,2016年12月25日,22:56
"年度特写:共享单车,真假风口的幕后战事",http://tech.ifeng.com/a/20161223/44521071_0.shtml,凤凰科技,2016年12月23日,16:00
"年度特写:共享单车,真假风口的幕后战事",http://tech.ifeng.com/a/20161223/44521071_0.shtml,凤凰科技,2016年12月23日,16:00
"共享单车的投资方也出来说,这大概是个亏钱的生意",http://tech.ifeng.com/a/20161223/44521019_0.shtml,凤凰科技,2016年12月23日,14:00
共享单车市场硝烟再起 谁能最后突围?,http://www.p5w.net/news/cjxw/201612/t20161223_1675988.htm,全景网络,2016年12月23日,10:00
共享单车被这样粗暴对待真的好么!,http://news.21cn.com/webfocus/a/2016/1223/10/31807943.shtml,21CN,2016年12月23日,10:36
自行车汽车及车垫涨停 共享经济成A股年底最后的晚餐?,http://finance.ifeng.com/a/20161223/15097879_0.shtml,凤凰网,2016年12月23日,08:50
"共享单车来了,骑呗",http://news.163.com/16/1223/04/C8UOMOG800014SEH.html,网易新闻,2016年12月23日,04:04
共享单车催生“城市猎人”措施 不图钱图什么,http://news.xinhuanet.com/local/2016-12/22/c_1120170273.htm,新华网,2016年12月22日,20:21
股市每日谈:共享单车算什么?股民连钱都共享!,http://money.163.com/16/1222/18/C8TN922R002580PL.html,网易财经,2016年12月22日,18:07
上海“永久”宣布入局共享单车 官方:市场需规范,http://www.cs.com.cn/xwzx/hg/201612/t20161222_5132590.html,中证网,2016年12月22日,16:00
共享单车催生“城市猎人”措施 不图钱图什么?,http://finance.ifeng.com/a/20161222/15096118_0.shtml,凤凰网,2016年12月22日,15:00
网约共享单车这4大问题待解:乱停乱放、车道不够、分布不均、标识...,http://news.163.com/16/1222/07/C8SGF38T00014AEE_all.html,网易新闻,2016年12月22日,07:00
共享单车成冬日里的一把火 商业模式是啥?我等还是边打边撤退吧!,http://field.10jqka.com.cn/20161223/c595715426.shtml,同花顺金融服务网,2016年12月23日,11:30
共享单车时代 自行车零售业岔路口寒冬或又一春,http://news.huaxi100.com/show-135-842184-1.html,华西都市网,2016年12月23日,06:02
深圳今晚起降温最低气温10℃ 超强台风将死在海上,http://news.ifeng.com/a/20161226/50474255_0.shtml,凤凰网,15小时前
高调优拜单车纸上谈兵:宣传攻势凶猛 产品落地迟缓,http://business.sohu.com/20161226/n476910724.shtml,搜狐财经,14小时前
共享单车概念新鲜出炉,http://stock.jrj.com.cn/invest/2016/12/22150421873923.shtml,金融界,2016年12月22日,15:18
共享单车遭遇文明尴尬 如何确保绿色安全出行,http://news.ifeng.com/a/20161222/50456558_0.shtml,凤凰网,2016年12月22日,07:00
共享单车乱停,http://news.ifeng.com/a/20161222/50455380_0.shtml,凤凰网,2016年12月22日,02:00
"反攻硅谷、进军伦敦,小黄车们能成功吗?",http://www.qncye.com/baodao/pinglun/122622643.html,青年创业网,8小时前
日本女留学生试骑摩拜单车 我的胸一直在抖,http://news.hiapk.com/internet/s586082a6ec3d.html,安卓网资讯频道,11小时前
"共享单车的厦门式困惑:骑起来确实很溜,但是车应该停在哪儿?",http://www.jiemian.com/article/1028187.html,界面新闻,2016年12月22日,12:00
近百辆违法停放共享单车被暂扣,http://news.online.sh.cn/news/gb/content/2016-12/22/content_8194721.htm,上海热线,2016年12月22日,08:00
百度用 AR 复原北京朝阳门;上海永久宣布入局共享单车 | 雷锋早报,http://www.leiphone.com/news/201612/NflFusqv5TPmpnId.html?_t_t_t=0.08344332035630941,雷锋网,2016年12月23日,07:48
"这几天,满大街的共享单车发了超级大红包,你收到了没?",http://www.nbd.com.cn/articles/2016-12-22/1064098.html,每日经济新闻,2016年12月22日,22:05
"这几天,满大街的共享单车发了超级大红包,你收到了没?","http://finance.eastmoney.com/news/1371,20161222696373057.html",东方财富网,2016年12月22日,22:00
"Angelababy投他,让单车回归城市,从500元到估值百亿,共享经济时代...",http://www.investide.cn/news/332845,投资潮,6小时前
共享单车催生“城市猎人”措施 不图钱图什么?,http://finance.ifeng.com/a/20161222/15096118_0.shtml,凤凰网,2016年12月22日,15:00
网约共享单车这4大问题待解:乱停乱放、车道不够、分布不均、标识...,http://news.163.com/16/1222/07/C8SGF38T00014AEE_all.html,网易新闻,2016年12月22日,07:00
"年度特写:共享单车,真假风口的幕后战事",http://www.yuncaijing.com/news/id_7746364.html,云财经,2016年12月23日,22:50
共享单车不应“变味”,http://www.hebgcdy.com/2016/1223/259240.html,河北共产党员网,2016年12月23日,17:03
资本催熟下的共享单车必败的五点思考,http://iot.ofweek.com/2016-12/ART-132209-8120-30083565_2.html,OFweek,2016年12月23日,14:00
共享单车成冬日里的一把火 商业模式是啥?我等还是边打边撤退吧!,http://www.yuncaijing.com/news/id_7742697.html,云财经,2016年12月23日,11:34
共享单车成冬日里的一把火 商业模式是啥?我等还是边打边撤退吧!,http://field.10jqka.com.cn/20161223/c595715426.shtml,同花顺金融服务网,2016年12月23日,11:30
"共享单车概念股一览,共享单车概念股龙头",http://licaishi.sina.com.cn/view/541886?ind_id=1,新浪,2016年12月23日,11:47
共享单车时代 自行车零售业岔路口:寒冬?又一春?,http://jiangsu.china.com.cn/html/2016/scnews_1223/8664597.html,东海资讯,2016年12月23日,07:50
国企力挺上证指数收红盘 资金追逐共享单车龙头股,http://www.yuncaijing.com/news/id_7738885.html,云财经,2016年12月23日,07:12
多方合作强化管理让共享单车更规范,http://barb.sznews.com/html/2016-12/23/content_3693771.htm,中国经济网,2016年12月23日,07:33
共享单车时代 自行车零售业岔路口寒冬或又一春,http://news.huaxi100.com/show-135-842184-1.html,华西都市网,2016年12月23日,06:02
进军欧洲和北美市场!ofo共享单车要“出海”,http://www.yuncaijing.com/news/id_7744435.html,云财经,2016年12月23日,21:27
深圳今晚起降温最低气温10℃ 超强台风将死在海上,http://news.ifeng.com/a/20161226/50474255_0.shtml,凤凰网,15小时前
高调优拜单车纸上谈兵:宣传攻势凶猛 产品落地迟缓,http://business.sohu.com/20161226/n476910724.shtml,搜狐财经,14小时前
共享单车概念在资本市场受到热捧 锦江股份今日股票上涨0.75%,http://www.ysslc.com/caijing/yaowen/122870.html,263财富网,2016年12月23日,17:30
共享单车概念新鲜出炉,http://stock.jrj.com.cn/invest/2016/12/22150421873923.shtml,金融界,2016年12月22日,15:18
共享单车遭遇文明尴尬 如何确保绿色安全出行,http://news.ifeng.com/a/20161222/50456558_0.shtml,凤凰网,2016年12月22日,07:00
共享单车乱停,http://news.ifeng.com/a/20161222/50455380_0.shtml,凤凰网,2016年12月22日,02:00
开盘快报:两市低开 共享单车延续昨日强势,http://www.yuncaijing.com/news/id_7740620.html,云财经,2016年12月23日,09:58
“共享单车”激战 76岁“永久”也来了,http://money.163.com/16/1221/13/C8QHGD5A002580S6.html,网易财经,2016年12月21日,13:29
永久也要进入“共享单车”,http://news.sina.com.cn/c/2016-12-21/doc-ifxytkcf8247241.shtml,新浪新闻,2016年12月21日,01:30
永久也要进入“共享单车”,http://news.163.com/16/1221/01/C8P84K1V00014Q4P.html,网易新闻,2016年12月21日,01:27
机会早知道:共享单车热情未退 共享汽车火热来袭(股),http://stock.huagu.com/sc/dslh/1612/1264376.html,华股财经,2016年12月22日,08:47
别再拿打车大战类比共享单车 它们完全不一样,http://www.yuncaijing.com/news/id_7734726.html,云财经,2016年12月22日,15:46
午评:沪指横盘震荡 共享单车概念持续走强,http://www.yuncaijing.com/news/id_7732770.html,云财经,2016年12月22日,11:57
午评:大混改又过热两市窄震 共享单车上海老庄联袂走强,http://www.cqtimes.cn/news/article/id/199022/nowCat/26.html,重庆时报网,2016年12月22日,15:53
"Airbnb毁家、摩拜单车""受伤"" 共享经济水土不服?",http://news.online.sh.cn/news/gb/content/2016-12/25/content_8199935.htm,上海热线,2016年12月25日,09:00
如何破解共享单车 “成长的烦恼”,http://news.ifeng.com/a/20161221/50449883_0.shtml,凤凰网,2016年12月21日,06:00
"【涨停板揭秘】国企混改炒地图,共享单车飞天",http://stock.huagu.com/sc/dslh/1612/1264593.html,华股财经,2016年12月22日,16:05
高调优拜单车纸上谈兵:宣传攻势凶猛 产品落地迟缓,http://www.senn.com.cn/wl/2016/12/26/173488.html,南方企业新闻网,13小时前
共享单车毛利率低 中路股份称未曾投放280万辆单车,http://www.yuncaijing.com/news/id_7730103.html,云财经,2016年12月22日,09:51
摩拜上海运营单车达十万辆 上海成全球最大智能共享单车城市,http://news.ifeng.com/a/20161221/50451387_0.shtml,凤凰网,2016年12月21日,09:00
"共享巴士和单车的爆发,是刚需还是资本泡沫?",http://www.jiemian.com/article/1027481.html,界面新闻,2016年12月21日,13:00
"2016共享单车融资盘点,2017三大后遗症待解",http://www.jiemian.com/article/1026981.html,界面新闻,2016年12月21日,10:00
共享单车怎么用?ofo共享单车使用步骤,http://www.southmoney.com/redianxinwen/201612/951258.html,南方财富网,2016年12月21日,09:00
共享单车成各界关注焦点 共享单车概念股一览,http://www.southmoney.com/touzilicai/gupiao/201612/951246.html,南方财富网,2016年12月21日,09:00
17万辆“共享单车”登陆厦门 骑车前可预约,http://www.mnw.cn/xiamen/news/1507665.html,闽南网,2016年12月21日,08:00
高调优拜单车“纸上谈兵”,http://pe.hexun.com/2016-12-26/187496724.html,和讯网,14小时前
厦门共享单车调查:车辆随意停放 用户面临素质考验,http://news.xmhouse.com/bd/201612/t20161221_632268.htm,厦门房地产联合网,2016年12月21日,22:00
套上“互联网+”的轮子 共享单车能跑多远,http://news.chinaxiaokang.com/dujiazhuangao/2016/1221/151357.html,中国小康网,2016年12月21日,20:40
深度思考:“共享单车”是一门好生意吗?,http://news.chinaxiaokang.com/dujiazhuangao/2016/1221/151353.html,中国小康网,2016年12月21日,20:17
"半路转战共享单车,加速度的Hellobike让市场更热闹了",http://www.iyiou.com/p/36460?from=groupmessage,亿欧网,2016年12月21日,17:00
摩拜单车在沪投放已达十万辆 共享单车如何骑得更远?,http://www.hxnews.com/news/gn/gnxw/201612/21/1128053.shtml,海峡网,2016年12月21日,15:00
永久也要进入“共享单车”,http://www.sh.xinhuanet.com/2016-12/21/c_135922089.htm,新华网上海站,2016年12月21日,09:50
"再现融资大战,共享单车需求真那么大?",http://news.zj.com/pic/79/1633063.shtml,浙江都市网,2016年12月21日,09:21
17万辆“共享单车”正挤进厦门 可手机预约租车,http://fj.qq.com/a/20161221/009543.htm,腾讯大闽网,2016年12月21日,08:00
资本博弈广告战 资本寒冬下共享单车的逻辑是什么,http://www.yuncaijing.com/news/id_7719295.html,云财经,2016年12月21日,07:59
共享单车,http://fjrb.fjsen.com/fjrb/html/2016-12/21/content_988231.htm?div=-1,福建日报,2016年12月21日,07:56
共享单车很漂亮 - 现代金报数字报刊平台,http://dzb.jinbaonet.com/html/2016-12/21/content_307354.htm?div=-1,现代金报,2016年12月21日,01:41
午评丨沪指震荡跌0.18% 共享单车概念持续走强,http://www.yuncaijing.com/news/id_7732946.html,云财经,2016年12月22日,12:37
午评:沪指窄幅震荡微跌 共享单车概念强势爆发,http://www.yuncaijing.com/news/id_7732748.html,云财经,2016年12月22日,11:36
上海永久入局共享单车投放280万辆 市场会饱和吗,http://tech.163.com/16/1220/22/C8OVDTSJ00097U7R.html,网易科技,2016年12月20日,22:23
成都市民雨夜骑共享单车滑倒摔成骨折 谁担责?,http://money.163.com/16/1220/17/C8OCMBD2002580S6.html,网易财经,2016年12月20日,16:00
共享单车停放岂能太随意,http://finance.sina.com.cn/roll/2016-12-20/doc-ifxytqqn9071241.shtml,新浪财经,2016年12月20日,14:00
关于共享单车:你知道的与不知道的全在这,http://www.pconline.com.cn/autotech/868/8682123.html,太平洋电脑网,2016年12月20日,10:00
共享单车兴起 火了A股“自行车四君子”,http://business.sohu.com/20161220/n476364207.shtml?_da0.05790233891457319,搜狐财经,2016年12月20日,08:03
共享单车盛宴开启 制造商亟待升级“共享”,http://www.p5w.net/news/cjxw/201612/t20161220_1671896.htm,全景网络,2016年12月20日,08:00
共享单车平台对盈利持乐观看法 记者采访获悉降低偷盗损坏成本是...,http://news.163.com/16/1220/02/C8MRHO0C00014Q4P.html,网易新闻,2016年12月20日,02:02
再现融资大战共享单车需求真那么大?,http://news.163.com/16/1220/01/C8MO31HH000187VI.html,网易新闻,2016年12月20日,01:33
"共享巴士和单车的爆发,是刚需还是资本泡沫?",http://www.jiemian.com/article/1027481.html,界面新闻,2016年12月21日,13:00
"2016共享单车融资盘点,2017三大后遗症待解",http://www.jiemian.com/article/1026981.html,界面新闻,2016年12月21日,10:00
共享单车“第一梯队玩家”ofo宣布出海 硅谷伦敦成第一站,http://www.yuncaijing.com/news/id_7746899.html,云财经,2016年12月23日,22:49
共享单车怎么用?ofo共享单车使用步骤,http://www.southmoney.com/redianxinwen/201612/951258.html,南方财富网,2016年12月21日,09:00
共享单车成各界关注焦点 共享单车概念股一览,http://www.southmoney.com/touzilicai/gupiao/201612/951246.html,南方财富网,2016年12月21日,09:00
17万辆“共享单车”登陆厦门 骑车前可预约,http://www.mnw.cn/xiamen/news/1507665.html,闽南网,2016年12月21日,08:00
百度用 AR 复原北京朝阳门;上海永久宣布入局共享单车:雷锋早报,http://www.yuncaijing.com/news/id_7738962.html,云财经,2016年12月23日,08:12
高调优拜单车“纸上谈兵”,http://pe.hexun.com/2016-12-26/187496724.html,和讯网,14小时前
厦门共享单车调查:车辆随意停放 用户面临素质考验,http://news.xmhouse.com/bd/201612/t20161221_632268.htm,厦门房地产联合网,2016年12月21日,22:00
套上“互联网+”的轮子 共享单车能跑多远,http://news.chinaxiaokang.com/dujiazhuangao/2016/1221/151357.html,中国小康网,2016年12月21日,20:40
深度思考:“共享单车”是一门好生意吗?,http://news.chinaxiaokang.com/dujiazhuangao/2016/1221/151353.html,中国小康网,2016年12月21日,20:17
"半路转战共享单车,加速度的Hellobike让市场更热闹了",http://www.iyiou.com/p/36460?from=groupmessage,亿欧网,2016年12月21日,17:00
摩拜单车在沪投放已达十万辆 共享单车如何骑得更远?,http://www.hxnews.com/news/gn/gnxw/201612/21/1128053.shtml,海峡网,2016年12月21日,15:00
永久也要进入“共享单车”,http://www.sh.xinhuanet.com/2016-12/21/c_135922089.htm,新华网上海站,2016年12月21日,09:50
17万辆“共享单车”正挤进厦门 可手机预约租车,http://fj.qq.com/a/20161221/009543.htm,腾讯大闽网,2016年12月21日,08:00
资本博弈广告战 资本寒冬下共享单车的逻辑是什么,http://www.yuncaijing.com/news/id_7719295.html,云财经,2016年12月21日,07:59
共享单车,http://fjrb.fjsen.com/fjrb/html/2016-12/21/content_988231.htm?div=-1,福建日报,2016年12月21日,07:56
共享单车很漂亮 - 现代金报数字报刊平台,http://dzb.jinbaonet.com/html/2016-12/21/content_307354.htm?div=-1,现代金报,2016年12月21日,01:41
午评丨沪指震荡跌0.18% 共享单车概念持续走强,http://www.yuncaijing.com/news/id_7732946.html,云财经,2016年12月22日,12:37
午评:沪指窄幅震荡微跌 共享单车概念强势爆发,http://www.yuncaijing.com/news/id_7732748.html,云财经,2016年12月22日,11:36
上海永久入局共享单车投放280万辆 市场会饱和吗,http://tech.163.com/16/1220/22/C8OVDTSJ00097U7R.html,网易科技,2016年12月20日,22:23
成都市民雨夜骑共享单车滑倒摔成骨折 谁担责?,http://money.163.com/16/1220/17/C8OCMBD2002580S6.html,网易财经,2016年12月20日,16:00
共享单车停放岂能太随意,http://finance.sina.com.cn/roll/2016-12-20/doc-ifxytqqn9071241.shtml,新浪财经,2016年12月20日,14:00
关于共享单车:你知道的与不知道的全在这,http://www.pconline.com.cn/autotech/868/8682123.html,太平洋电脑网,2016年12月20日,10:00
共享单车兴起 火了A股“自行车四君子”,http://business.sohu.com/20161220/n476364207.shtml?_da0.05790233891457319,搜狐财经,2016年12月20日,08:03
共享单车盛宴开启 制造商亟待升级“共享”,http://www.p5w.net/news/cjxw/201612/t20161220_1671896.htm,全景网络,2016年12月20日,08:00
"看客:被扔河道的共享单车,逝去的自行车大国",http://news.163.com/photoview/3R710001/2221942.html#fr=email,网易新闻,2016年12月20日,07:00
共享单车平台对盈利持乐观看法 记者采访获悉降低偷盗损坏成本是...,http://news.163.com/16/1220/02/C8MRHO0C00014Q4P.html,网易新闻,2016年12月20日,02:02
再现融资大战共享单车需求真那么大?,http://news.163.com/16/1220/01/C8MO31HH000187VI.html,网易新闻,2016年12月20日,01:33
共享单车是新的自行车“品味”应乐观看待其影响,http://finance.sina.com.cn/roll/2016-12-20/doc-ifxytqqn9004772.shtml,新浪财经,2016年12月20日,01:03
优拜、校校联手入局共享单车大战,http://jiangsu.china.com.cn/html/2016/kuaixun_1221/8643243.html,东海资讯,2016年12月21日,16:54
上海永久杀入共享单车 明年初正式在沪投放,http://jiangsu.china.com.cn/html/jsnews/society/8629037_1.html,东海资讯,2016年12月21日,07:30
(热点观察)共享单车板块 中路2连板之后 深中华A涨停 信隆健康冲击...,http://www.yuncaijing.com/news/id_7732415.html,云财经,2016年12月22日,11:55
自行车龙头永久入局共享单车 上海将出台指导意见,http://stock.huagu.com/sc/hyfx/1612/1264262.html,华股财经,2016年12月21日,13:08
"2016共享单车融资盘点,2017三大后遗症待解",http://it.sohu.com/20161220/n476452793.shtml,搜狐科技,2016年12月20日,20:24
共享单车忘锁 被人骑走藏匿小树林,http://gd.qq.com/a/20161220/011681.htm,大粤网,2016年12月20日,09:00
摩拜上海运营单车达十万辆——上海成全球最大智能共享单车城市,http://news.163.com/16/1220/19/C8OKO5B2000187VE.html,网易新闻,2016年12月20日,19:42
单车共享火爆 游资推波助澜,http://www.yuncaijing.com/news/id_7737750.html,云财经,2016年12月22日,22:00
"找到《在共享单车赛道上弯道超车》相似文章约3篇,以下是传播轨迹",http://www.yuncaijing.com/news/similar/id_7747539.html,云财经,2016年12月24日,03:05
上海数十辆共享单车被集中堆放疑似毁坏?实因乱停放被运至此,http://sh.eastday.com/m/20161220/u1ai10174748.html,东方网,2016年12月20日,07:27
共享单车屡遭损毁 网络叫卖2000元回收共享单车,http://tech.163.com/16/1217/02/C8F4AUCP00097U86.html,网易科技,2016年12月17日,02:42
特写:17家共享单车的疯狂盛宴!,http://zhangguoren.baijia.baidu.com/article/726906,百度百家,2016年12月16日,23:00
网上叫卖回收共享单车:有判例对占为己有者处以拘役,http://mobile.163.com/16/1216/16/C8E1LEI100118023.html,网易手机,2016年12月16日,16:45
共享单车火爆背后 为何如此命运多舛?_金羊网新闻,http://news.163.com/16/1216/15/C8DTFC4C00014AEE.html,网易新闻,2016年12月16日,15:00
深圳:建立共享单车用户交通事故处理机制,http://news.163.com/16/1216/12/C8DISN0N000187V5.html,网易新闻,2016年12月16日,12:00
华西股份即将接力上海凤凰成共享单车牛股,http://finance.sina.com.cn/stock/e/2016-12-16/doc-ifxytqax6234582.shtml,新浪财经,2016年12月16日,11:37
全平台禁售!58集团回应共享单车二手买卖,http://finance.sina.com.cn/roll/2016-12-16/doc-ifxytkcf7830011.shtml,新浪财经,2016年12月16日,10:40
私自加锁停至车库 广州共享单车遭遇尴尬_金羊网新闻,http://news.163.com/16/1216/07/C8D22PUH00014AEE.html,网易新闻,2016年12月16日,07:00
共享单车扎堆投放需政府精细管理,http://news.163.com/16/1216/02/C8CHJI1200014Q4P.html,网易新闻,2016年12月16日,02:54
共享单车舆情事件集中爆发 分析称大面积痛点未出现,http://www.huaxia.com/tslj/flsj/wh/2016/12/5123156_2.html,华夏经纬网,2016年12月19日,14:37
机会早知道:共享单车概念掀涨停潮 行业发展超预期,http://stock.jrj.com.cn/hotstock/2016/12/19065321853665.shtml,金融界,2016年12月19日,06:01
二手车平台现共享单车回收交易:开价2000元 要求拆除GPS,http://tech.sina.com.cn/i/2016-12-19/doc-ifxytqqn8900929.shtml,新浪科技,2016年12月19日,01:00
上海将出台共享单车管理办法,http://finance.sina.com.cn/roll/2016-12-15/doc-ifxytkcf7769207.shtml,新浪财经,2016年12月15日,20:00
“互联网+”工匠精神:骑行在创新路上的共享单车,http://finance.ifeng.com/a/20161215/15080537_0.shtml,凤凰网,2016年12月15日,17:29
[多图]成都共享单车遭遇尴尬 被扔河里,http://digi.163.com/16/1215/17/C8BGKVHK001687H3.html,网易数码,2016年12月15日,17:44
"没有买卖,就没有伤害:58集团全面禁止共享单车交易",http://tech.qq.com/a/20161215/032479.htm,腾讯科技,2016年12月15日,16:00
《大学生义务维护共享单车引热议 企业媒体共吁文明用车》,http://news.163.com/16/1215/11/C8ARDCVU00014JB5.html,网易新闻,2016年12月15日,11:23
共享单车市场竞争火爆 烧钱圈地凸显盈利模式硬伤,http://www.p5w.net/news/cjxw/201612/t20161215_1666680.htm,全景网络,2016年12月15日,09:00
共享单车扎堆出现城市能容纳多少?,http://news.163.com/16/1215/06/C8AD6H2E00018AOP.html,网易新闻,2016年12月15日,06:13
ofo共享单车 助力广州城市游,http://news.163.com/16/1215/01/C89RGR5M00014Q4P.html,网易新闻,2016年12月15日,01:26
深圳交警谋划规范共享单车使用,http://gd.qq.com/a/20161217/004792.htm,大粤网,2016年12月17日,08:00
“共享单车”概念在A股走红,http://stock.jrj.com.cn/hotstock/2016/12/17075421851745.shtml,金融界,2016年12月17日,07:37
"从政府主导到无桩单车,共享单车发展的三个阶段",http://www.leiphone.com/news/201612/MfeATpmqFNBDl7zB.html,雷锋网,2016年12月14日,15:22
优拜入局共享单车 打通用户信用体系,http://auto.sina.com.cn/news/ct/2016-12-14/detail-ifxypipt1368090.shtml,新浪汽车,2016年12月14日,15:15
共享单车火速蹿红 多家资本进入或仅存一家独角兽,http://www.p5w.net/news/cjxw/201612/t20161214_1665003.htm,全景网络,2016年12月14日,09:00
共享单车更多玩家小跑进场 盈利问题监管缺位受质疑,http://finance.sina.com.cn/roll/2016-12-14/doc-ifxypizk0455647.shtml,新浪财经,2016年12月14日,05:06
"共享单车火了,它们冷了",http://money.163.com/16/1214/02/C87C4O49002580S6.html#from=keyscan,网易财经,2016年12月14日,02:14
共享单车混战小蓝单车CEO李刚:不考虑盈利又怎样,http://money.163.com/16/1214/01/C879H60O002580S6.html,网易财经,2016年12月14日,01:26
深圳率先规范共享单车交通秩序,http://stock.hexun.com/2016-12-16/187377323.html,和讯,2016年12月16日,15:00
成都共享单车被扔河道 工作人员冒寒冬下水打捞,http://finance.ifeng.com/a/20161213/15075243_0.shtml,凤凰网,2016年12月13日,19:42
1个亿+2款新车:优拜单车为“共享单车”2016收关,http://www.leiphone.com/news/201612/NarI585nzFziHRJt.html,雷锋网,2016年12月13日,17:59
"早晚高峰""随手一扔"" 共享单车地铁口""野蛮生长""谁来管?",http://news.163.com/16/1213/10/C85LACHA000187VE.html,网易新闻,2016年12月13日,10:42
深圳:乱停共享单车罚20元 但乱扔呢?,http://news.china.com/tech/11184589/20161218/30090158.html,中华网,2016年12月18日,19:14
规范“共享单车”出行,http://tv.people.com.cn/n1/2016/1218/c39805-28958246.html,人民网,2016年12月18日,19:00
共享单车盈利模式是怎样的?ofo共享单车如何盈利?(2),http://www.southmoney.com/redianxinwen/201612/945206_2.html,南方财富网,2016年12月19日,09:00
58集团严禁共享单车二手买卖 维护共享经济秩序,http://tech.sina.com.cn/i/2016-12-15/doc-ifxytqax6115088.shtml,新浪科技,2016年12月15日,16:00
"共享单车,城市造梦者的光荣与梦想",http://jincuodao.baijia.baidu.com/article/721253,百度百家,2016年12月12日,15:00
共享单车背后还隐藏着多少惊天秘密?,http://majihua.baijia.baidu.com/article/720489?t=1481685380424,百度百家,2016年12月12日,08:00
共享单车 还需过三道坎,http://finance.sina.com.cn/roll/2016-12-12/doc-ifxypizk0238175.shtml,新浪财经,2016年12月12日,03:49
网上回收共享单车开价2000元,http://it.gansudaily.com.cn/system/2016/12/19/016550738.shtml,证券时报,2016年12月19日,22:00
共享单车盛宴开启 制造商亟待升级“共享”,http://www.yuncaijing.com/news/id_7707919.html,云财经,2016年12月19日,22:00
一辆摩拜单车2000元回收? 共享单车困局难挡资本热潮,http://www.yuncaijing.com/news/id_7707404.html,云财经,2016年12月19日,21:47
网上公然回收共享单车:2000元 拆掉GPS,http://tech.huanqiu.com/news/2016-12/9830270.html,环球网,2016年12月19日,15:00
让共享单车不再“任性生长”,http://xmwb.xinmin.cn/xmwb/html/2016-12/19/content_1_5.htm,新民晚报,2016年12月19日,15:07
共享单车再添一员 校校单车上线主打校园市场,http://www.yuncaijing.com/news/id_7703791.html,云财经,2016年12月19日,13:19
共享单车方便出行却问题不断 上海将发文规范管理,http://www.yuncaijing.com/news/id_7703997.html,云财经,2016年12月19日,13:30
"共享单车灰色产业也搞歧视,ofo回收价99摩拜2000",http://www.smxe.cn/scroll/5737itc620161219c6n476266696.shtml,三门峡新闻网,2016年12月19日,10:49
网上叫卖回收共享单车开价2000 共享单车是什么?,http://forex.cngold.com.cn/gnrd/20161219d11024n108411022.html,中金黄金,2016年12月19日,09:00
南京版“共享单车”启动 - 现代快报多媒体数字报刊平台,http://dz.xdkb.net/html/2016-12/19/content_450287.htm,现代快报,2016年12月19日,02:59
共享单车极速升级 汽车共享成车企进军互联网新航道,http://www.yuncaijing.com/news/id_7703074.html,云财经,2016年12月19日,12:56
共享单车兴起 火了A股“自行车四君子”,http://www.yuncaijing.com/news/id_7707920.html,云财经,2016年12月19日,22:00
"共享单车火了,瞄准10公里出行市场的共享电动车呢",http://it.sohu.com/20161214/n475803753.shtml,搜狐科技,2016年12月14日,08:00
拥抱正在到来的“共享”世界,http://news.ifeng.com/a/20161214/50413696_0.shtml,凤凰网,2016年12月14日,07:00
偷“共享单车”被捕不是笑料,http://news.ifeng.com/a/20161214/50412627_0.shtml,凤凰网,2016年12月14日,03:00
北京频发共享单车损毁事件 黑摩的司机蓄意破坏,http://www.jiaodong.net/zonghe/system/2016/12/17/013337681.shtml,胶东在线,2016年12月17日,17:00
共享单车之后 汽车共享进入广州市场,http://news.dayoo.com/guangzhou/201612/17/139995_50614983.htm,大洋网,2016年12月17日,14:00
芳草街道有了共享单车官方停车位 不曾想指示牌上“ofo”惹争议,http://news.sina.com.cn/o/2016-12-11/doc-ifxypcqa9292135.shtml,新浪新闻,2016年12月11日,03:38
广州首个互联网共享单车社区建成 共设15个停车点,http://gz.ifeng.com/a/20161218/5241484_0.shtml,凤凰网,2016年12月18日,05:00
二手交易平台回收共享单车 此举系违法需整治,http://jiangsu.china.com.cn/html/2016/kuaixun_1219/8602111.html,东海资讯,2016年12月19日,14:17
[北京奇葩事]网上叫卖回收共享单车 上周发生哪些奇葩事?,http://news.cqnews.net/html/2016-12/19/content_39930972.htm,华龙网,2016年12月19日,10:00
规范“共享单车”出行,http://tv.people.com.cn/n1/2016/1218/c39805-28958246.html,人民网,2016年12月18日,19:00
"共享单车概念股,共享单车概念股有哪些",http://www.southmoney.com/fenxi/201612/945956.html,南方财富网,2016年12月19日,11:00
共享单车盈利模式是怎样的?ofo共享单车如何盈利?(2),http://www.southmoney.com/redianxinwen/201612/945206_2.html,南方财富网,2016年12月19日,09:00
58集团严禁共享单车二手买卖 维护共享经济秩序,http://tech.sina.com.cn/i/2016-12-15/doc-ifxytqax6115088.shtml,新浪科技,2016年12月15日,16:00
"共享单车,城市造梦者的光荣与梦想",http://jincuodao.baijia.baidu.com/article/721253,百度百家,2016年12月12日,15:00
共享单车背后还隐藏着多少惊天秘密?,http://majihua.baijia.baidu.com/article/720489,百度百家,2016年12月12日,08:00
共享单车 还需过三道坎,http://finance.sina.com.cn/roll/2016-12-12/doc-ifxypizk0238175.shtml,新浪财经,2016年12月12日,03:49
网上回收共享单车开价2000元,http://it.gansudaily.com.cn/system/2016/12/19/016550738.shtml,证券时报,2016年12月19日,22:00
共享单车盛宴开启 制造商亟待升级“共享”,http://www.yuncaijing.com/news/id_7707919.html,云财经,2016年12月19日,22:00
一辆摩拜单车2000元回收? 共享单车困局难挡资本热潮,http://www.yuncaijing.com/news/id_7707404.html,云财经,2016年12月19日,21:47
网上公然回收共享单车:2000元 拆掉GPS,http://tech.huanqiu.com/news/2016-12/9830270.html,环球网,2016年12月19日,15:00
让共享单车不再“任性生长”,http://xmwb.xinmin.cn/xmwb/html/2016-12/19/content_1_5.htm,新民晚报,2016年12月19日,15:07
共享单车再添一员 校校单车上线主打校园市场,http://www.yuncaijing.com/news/id_7703791.html,云财经,2016年12月19日,13:19
共享单车方便出行却问题不断 上海将发文规范管理,http://www.yuncaijing.com/news/id_7703997.html,云财经,2016年12月19日,13:30
"共享单车灰色产业也搞歧视,ofo回收价99摩拜2000",http://www.smxe.cn/scroll/5737itc620161219c6n476266696.shtml,三门峡新闻网,2016年12月19日,10:49
网上叫卖回收共享单车开价2000 共享单车是什么?,http://forex.cngold.com.cn/gnrd/20161219d11024n108411022.html,中金黄金,2016年12月19日,09:00
南京版“共享单车”启动 - 现代快报多媒体数字报刊平台,http://dz.xdkb.net/html/2016-12/19/content_450287.htm,现代快报,2016年12月19日,02:59
共享单车极速升级 汽车共享成车企进军互联网新航道,http://www.yuncaijing.com/news/id_7703074.html,云财经,2016年12月19日,12:56
共享单车兴起 火了A股“自行车四君子”,http://www.yuncaijing.com/news/id_7707920.html,云财经,2016年12月19日,22:00
"共享单车火了,瞄准10公里出行市场的共享电动车呢",http://it.sohu.com/20161214/n475803753.shtml,搜狐科技,2016年12月14日,08:00
拥抱正在到来的“共享”世界,http://news.ifeng.com/a/20161214/50413696_0.shtml,凤凰网,2016年12月14日,07:00
偷“共享单车”被捕不是笑料,http://news.ifeng.com/a/20161214/50412627_0.shtml,凤凰网,2016年12月14日,03:00
北京频发共享单车损毁事件 黑摩的司机蓄意破坏,http://www.jiaodong.net/zonghe/system/2016/12/17/013337681.shtml,胶东在线,2016年12月17日,17:00
共享单车之后 汽车共享进入广州市场,http://news.dayoo.com/guangzhou/201612/17/139995_50614983.htm,大洋网,2016年12月17日,14:00
芳草街道有了共享单车官方停车位 不曾想指示牌上“ofo”惹争议,http://news.sina.com.cn/o/2016-12-11/doc-ifxypcqa9292135.shtml,新浪新闻,2016年12月11日,03:38
广州首个互联网共享单车社区建成 共设15个停车点,http://gz.ifeng.com/a/20161218/5241484_0.shtml,凤凰网,2016年12月18日,05:00
共享单车风靡深圳 “乱停放”问题待解,http://gd.qq.com/a/20161213/009456.htm,大粤网,2016年12月13日,08:00
共享单车ofo 登陆深圳,http://news.ifeng.com/a/20161213/50407346_0.shtml,凤凰网,2016年12月13日,07:00
“共享单车”是昙花一现还是商机无限,"http://finance.eastmoney.com/news/1355,20161216694423523.html",东方财富网,2016年12月16日,13:00
中路股份受益于共享单车发展 中路股份涨停,http://www.southmoney.com/gegu/ggyd/201612/941862.html,南方财富网,2016年12月16日,10:00
北京频发单车损毁 一个月内发生7起共享单车损毁事件,http://minsheng.youth.cn/mszxgch/201612/t20161217_8958485_2.htm,中国青年网民生频道,2016年12月17日,17:00
北京频发单车损毁 本月至少发生7起共享单车损毁事件,http://d.youth.cn/sk/201612/t20161217_8958388_2.htm,中国青年网,2016年12月17日,17:00
北京频发单车损毁 本月至少发生7起共享单车损毁事件,http://d.youth.cn/sk/201612/t20161217_8958388.htm,中国青年网,2016年12月17日,17:00
北京频发单车损毁事件 网络叫卖 2000元回收共享单车,http://xm.ifeng.com/a/20161217/5241118_0.shtml,凤凰厦门站,2016年12月17日,16:00
深圳踩共享单车跟信用挂钩?不被拉黑处罚点这里,http://sz.southcn.com/content/2016-12/17/content_161853422.htm,南方网,2016年12月17日,08:00
给共享单车立规,http://wb.sznews.com/html/2016-12/17/content_3688901.htm,深圳晚报,2016年12月17日,08:10
共享单车遇尴尬:被上锁、挂上树藏进绿化带,http://www.cnr.cn/tech/techgd/20161210/t20161210_523321042.shtml,中国广播网,2016年12月10日,17:00
"共享单车不是公益项目,想盈利要抓住这三个关键点",http://money.163.com/16/1210/09/C7TRLLAB002580S6.html,网易财经,2016年12月10日,09:00
成都:共享单车遭遇“共享”难题,http://money.163.com/16/1210/08/C7TKUDPF002580S6.html#from=relevant,网易财经,2016年12月10日,08:37
共享单车成都遇尴尬:被上锁挂上树藏进绿化带,http://news.163.com/16/1210/08/C7TLKU40000187VI.html,网易新闻,2016年12月10日,06:02
信隆健康受益于共享单车发展 信隆健康大涨,http://www.southmoney.com/gegu/ggyd/201612/939278.html,南方财富网,2016年12月15日,11:00
网上叫卖回收共享单车:有判例对占为己有者处以拘役,http://www.yuncaijing.com/news/id_7689698.html,云财经,2016年12月16日,16:00
深圳率先规范共享单车交通秩序,http://www.yuncaijing.com/news/id_7688095.html,云财经,2016年12月16日,14:34
深圳:建立共享单车用户交通事故处理机制,http://www.yuncaijing.com/news/id_7687457.html,云财经,2016年12月16日,12:32
沪拟出台共享单车管理办法,http://www.yuncaijing.com/news/id_7686881.html,云财经,2016年12月16日,11:10
“互联网+”工匠精神:骑行在创新路上的共享单车,http://www.chinajob.gov.cn/PublicSentimentServices/content/2016-12/16/content_1262731.htm,中国就业网,2016年12月16日,11:30
机会情报:共享单车概念两日大涨 5股或受追捧,http://yuanchuang.10jqka.com.cn/20161216/c595573697.shtml,同花顺网,2016年12月16日,10:14
机会情报:共享单车概念两日大涨 5股或受追捧,http://yuanchuang.10jqka.com.cn/20161216/c595573697.shtml?winzoom=1,同花顺网,2016年12月16日,10:14
一日一城 共享单车ofo挺进广深,http://money.163.com/16/1209/17/C7S3P3KQ002580S6.html,网易财经,2016年12月09日,16:00
经济日报:共享单车需骑过盈利“坎儿”,http://finance.sina.com.cn/roll/2016-12-09/doc-ifxypcqa9131951.shtml,新浪财经,2016年12月09日,07:14
共享单车ofo登陆广州,http://news.163.com/16/1209/07/C7QVB6I9000187VI.html,网易新闻,2016年12月09日,07:37
聚焦共享单车,http://news.21cn.com/caiji/roll1/a/2016/1209/04/31768296.shtml,21CN,2016年12月09日,04:44
共享单车仍处于“烧钱圈地”阶段,http://news.21cn.com/caiji/roll1/a/2016/1209/04/31768099.shtml,21CN,2016年12月09日,04:01
聚焦共享单车,http://news.21cn.com/caiji/roll1/zhnb/2016/1209/04/31768296.shtml,21CN,2016年12月09日,04:00
ofo共享单车进入广州,http://news.163.com/16/1209/01/C7QDG4E3000187VI.html,网易新闻,2016年12月09日,01:43
共享单车地铁口“野蛮生长”谁来管,http://news.online.sh.cn/news/gb/content/2016-12/13/content_8176671.htm,上海热线,2016年12月13日,13:00
"大雪已过,寒冬将至,共享单车的玩家们还好吗?",http://www.jiemian.com/article/1011789.html,界面新闻,2016年12月13日,10:00
优拜单车获A+轮1亿元融资 入共享单车大战,http://www.ebrun.com/20161214/206279.shtml,亿邦动力网,2016年12月14日,07:00
【共享单车被暂扣引争议】,http://news.ifeng.com/a/20161211/50397202_0.shtml,凤凰网,2016年12月11日,03:00
...12月15日电题:“互联网+”工匠精神:骑行在创新路上的共享单车。,http://www.yuncaijing.com/news/id_7679775.html,云财经,2016年12月15日,17:00
口水、摩擦和烧钱……“集齐七个葫芦娃”的共享单车之战蓄势待发,http://cn.technode.com/post/2016-12-15/mobike-bluegogo-ofo/,动点科技,2016年12月15日,16:35
“共享单车”是昙花一现还是商机无限,http://www.yuncaijing.com/news/id_7678046.html,云财经,2016年12月15日,14:45
共享单车市场竞争火爆 烧钱圈地凸显盈利模式硬伤,http://www.itbear.com.cn/html/2016-12/194909.html,ITBear科技资讯,2016年12月15日,14:44
共享单车 站在风口的新宠去向何方?,http://www.cinic.org.cn/site951/sdbd/2016-12-15/845001.shtml,中国产业经济信息网,2016年12月15日,13:45
共享单车这笔账该怎么去算,http://www.ocn.com.cn/shangye/201612/ogkld15134543.shtml,中国投资咨询网,2016年12月15日,13:00
共享单车这么多!单车盛宴还是一地鸡毛?,http://iot.ofweek.com/2016-12/ART-132209-8440-30079777.html,OFweek,2016年12月15日,09:00
共享单车这么多!单车盛宴还是一地鸡毛?,http://iot.ofweek.com/2016-12/ART-132209-8440-30079777_4.html,OFweek,2016年12月15日,09:00
风靡北上广的共享单车 在杭能“骑”多远?,http://cs.zjol.com.cn/system/2016/12/15/021399364.shtml,浙江在线,2016年12月15日,08:28
小鸣单车邓永豪:共享单车国内市场可达189亿规模,http://news.163.com/16/1208/12/C7OVJ06G000187VG.html,网易新闻,2016年12月08日,12:00
"共享单车大战背后,ofo、摩拜离盈利还有多远?",http://www.jiemian.com/article/1011007.html,界面新闻,2016年12月12日,23:00
新入局者不断—— 共享单车盈利模式成焦点,http://www.shfinancialnews.com/xww/2009jrb/node5019/node5051/tzbw/userobject1ai172856.html,上海金融报,2016年12月12日,22:00
共享单车能否挽救共享经济的未来?,http://www.jiemian.com/article/1008813.html,界面新闻,2016年12月12日,10:00
共享单车遇尴尬:被上锁、挂上树藏进绿化带,http://36kr.com/newsflashes/34644,36kr,2016年12月12日,09:37
遍布深圳街头的那些共享单车要怎么用?,http://hunan.voc.com.cn/xhn/article/201612/201612131522148860.html,湖南在线,2016年12月13日,15:14
赵宏民:共享单车行业90天内不可能结束战斗,http://www.sootoo.com/content/668609.shtml,速途网,2016年12月13日,15:00
共享单车被拆锁改头换座成私车(图),http://www.dzwww.com/xinwen/shehuixinwen/201612/t20161213_15270274.htm,大众网,2016年12月13日,12:00
共享单车现身二手交易平台?私自叫卖将追究刑事责任,http://www.qudong.com/2016/1214/381835.shtml,驱动中国,2016年12月14日,17:00
"共享单车已经out了,共享汽车来了~~1.19元起奔驰smart随便开!",http://www.yixieshi.com/65985.html,互联网的一些事,2016年12月14日,15:31
共享单车的尴尬暴露出不止共享缺失,http://news.cjn.cn/cjsp/msgc/201612/t2931786.htm,长江网,2016年12月14日,15:00
"摩拜、ofo现身二手交易平台,共享单车蹿红后遭遇监管难题",http://news.qudong.com/article/381735.shtml,驱动中国,2016年12月14日,14:00
共享单车 城市造梦者的光荣与梦想(1),http://edu.china.com/examine/mba/mbanews/90138/20161212/30075578.html,中华网,2016年12月12日,14:32
小鸣单车邓永豪:共享单车国内市场可达189亿规模,http://www.clii.com.cn/zhhylm/zhhylmHangYeZiXun/201612/t20161212_3900864.html,中国轻工业信息网,2016年12月12日,10:12
共享单车走红的背后带来的几点思考,http://iot.ofweek.com/2016-12/ART-132209-8120-30078143.html,OFweek,2016年12月12日,10:00
共享单车遇尴尬:被上锁、挂上树藏进绿化带,http://news.zj.com/pic/85/1632118.shtml,浙江都市网,2016年12月12日,09:23
2000辆共享自行车落户昆明市区 骑单车说走就走,http://news.yninfo.com/yn/shxw/201612/t20161212_2449094.html,云南信息港,2016年12月12日,08:00
"共享单车,又一只站在风口的“猪”?",http://rmfyb.chinacourt.org/paper/html/2016-12/12/content_119588.htm?div=-1,人民法院报,2016年12月12日,06:27
共享单车 还需过三道坎,http://www.yuncaijing.com/news/id_7634635.html,云财经,2016年12月12日,03:00
﻿共享单车平台ofo登陆广深,http://news.takungpao.com/paper/q/2016/1212/3402207.html?open_source=weibo_search,大公网,2016年12月12日,03:42
共享单车:借力资本走得快 立足用户行得稳,http://news.163.com/16/1205/13/C7HCVTU1000187V8.html,网易新闻,2016年12月05日,13:00
共享单车:站在风口的“新宠”去向何方?,http://tech.163.com/16/1205/09/C7GTKAL500097U7R.html,网易科技,2016年12月05日,09:19
共享单车遇尴尬:被上锁、挂上树藏进绿化带,http://news.91.com/it/s584d0d746210.html?from=haokan,91资讯站,2016年12月11日,00:00
共享单车遇尴尬:被上锁、挂上树藏进绿化带,http://news.dayoo.com/finance/201612/10/139999_50574945.htm,大洋网,2016年12月10日,19:00
共享单车遇尴尬:被上锁、挂上树藏进绿化带,http://www.mnw.cn/news/cj/1494460.html,闽南网,2016年12月10日,15:00
共享单车市场在用户PK中将走向寡头还是垄断?,http://www.jiemian.com/article/1005485.html,界面新闻,2016年12月09日,10:00
共享单车乱停放问题 应该如何解决?,http://auto.people.com.cn/n1/2016/1209/c1005-28937843.html,人民网,2016年12月09日,10:00
工人日报刊文探讨共享单车乱停放问题如何解,http://www.thepaper.cn/newsDetail_forward_1576719,澎湃新闻,2016年12月09日,08:00
发新车、进新城:这里是最近“共享单车”朋友圈的一些动态,http://36kr.com/p/5058674.html,36kr,2016年12月09日,07:00
“共享”概念火爆 全球最大共享单车平台登陆广深,http://news.takungpao.com/society/topnews/2016-12/3401806.html,大公网,2016年12月10日,18:22
共享单车遇尴尬:被上锁、挂上树藏进绿化带,http://news.hangzhou.com.cn/jjxw/content/2016-12/10/content_6415057.htm,杭州网,2016年12月10日,16:40
共享单车被挂上树 单车公司称背离了共享单车初衷,http://d.youth.cn/sk/201612/t20161210_8935816_2.htm,中国青年网,2016年12月10日,16:00
共享单车被挂上树 单车公司称背离了共享单车初衷,http://d.youth.cn/sk/201612/t20161210_8935816_3.htm,中国青年网,2016年12月10日,16:00
共享单车遇尴尬:被上锁、挂上树 成了“私人专车”(图),http://news.e23.cn/shehui/2016-12-10/2016C1000258.html,舜网,2016年12月10日,13:43
共享单车能否熬过第一个“冬天”? - 东南商报•数字报刊平台,http://daily.cnnb.com.cn/dnsb/html/2016-12/10/content_1015822.htm?div=-1,宁波晚报,2016年12月10日,00:00
发展共享单车仍需制度补位,"http://finance.eastmoney.com/news/1365,20161209692173959.html",东方财富网,2016年12月09日,14:00
"共享单车出行,你都遭遇过哪些困境?",http://www.jiemian.com/article/1005096.html,界面新闻,2016年12月08日,22:00
高校里的共享单车,http://news.gmw.cn/2016-12/08/content_23212708.htm,光明网,2016年12月08日,03:00
不盈利仍成功融资 共享单车投放量之争谁能胜出?,http://it.sohu.com/20161206/n475063161.shtml,搜狐科技,2016年12月06日,13:29
"共享单车大战,没有创新怎么活?",http://www.citnews.com.cn/news/201612/28092.html,中文科技资讯,2016年12月09日,13:58
共享单车乱停放问题 应该如何解决?,http://auto.jschina.com.cn/system/2016/12/09/030215457.shtml,中国江苏网,2016年12月09日,10:07
ofo共享单车登陆广州,http://barb.sznews.com/html/2016-12/09/content_3682684.htm,中国经济网,2016年12月09日,07:19
共享单车乱停——“不是我的车”,http://newspaper.jfdaily.com/shfzb/html/2016-12/09/content_233187.htm,申江服务导报,2016年12月09日,01:00
共享单车引多家资本进入 明年大洗牌或仅存一家独角兽,http://finance.sina.com.cn/roll/2016-12-03/doc-ifxyiayq2139423.shtml,新浪财经,2016年12月03日,00:11
成都“共享单车”被扔进河里 警方立案调查(图),http://www.huaxia.com/xw/zhxw/2016/12/5109130.html,华夏经纬网,2016年12月07日,14:37
"共享单车开启混战模式,谁能笑到最后?",http://www.cnii.com.cn/internetnews/2016-12/05/content_1800182.htm,中国信息产业网,2016年12月05日,21:26
"共享单车“野蛮生长”,咋管?",http://society.people.com.cn/n1/2016/1205/c1008-28923840.html,人民网,2016年12月05日,03:00
火爆北上广的共享单车在杭州能走多远?,http://ori.hangzhou.com.cn/ornews/content/2016-12/08/content_6413646.htm,杭州网,2016年12月08日,16:46
共享单车:引领骑行新概念,http://www.chinatoday.com.cn/chinese/society/zgss/201612/t20161208_800074194.html,今日中国,2016年12月08日,10:22
共享单车如何告别野蛮生长?,http://hzdaily.hangzhou.com.cn/hzrb/html/2016-12/08/content_2420343.htm,杭州日报,2016年12月08日,04:53
共享单车深夜“落水”成都锦江河中 警方已立案,http://www.sc.xinhuanet.com/content/2016-12/07/c_1120072743.htm,新华网四川站,2016年12月07日,15:00
成都“共享单车”被扔进河里 警方立案调查(图),http://www.dzwww.com/xinwen/shehuixinwen/201612/t20161207_15249988.htm,大众网,2016年12月07日,13:00
共享单车遇尴尬:被上锁、挂上树藏进绿化带,http://news.hangzhou.com.cn/jjxw/content/2016-12/10/content_6415057.htm,杭州网,2016年12月10日,16:40
共享单车被挂上树 单车公司称背离了共享单车初衷,http://d.youth.cn/sk/201612/t20161210_8935816_3.htm,中国青年网,2016年12月10日,16:00
共享单车被挂上树 单车公司称背离了共享单车初衷,http://d.youth.cn/sk/201612/t20161210_8935816_2.htm,中国青年网,2016年12月10日,16:00
共享单车遇尴尬:被上锁、挂上树 成了“私人专车”(图),http://news.e23.cn/shehui/2016-12-10/2016C1000258.html,舜网,2016年12月10日,13:43
共享单车能否熬过第一个“冬天”? - 东南商报•数字报刊平台,http://daily.cnnb.com.cn/dnsb/html/2016-12/10/content_1015822.htm?div=-1,宁波晚报,2016年12月10日,00:00
发展共享单车仍需制度补位,"http://finance.eastmoney.com/news/1365,20161209692173959.html",东方财富网,2016年12月09日,14:00
"共享单车出行,你都遭遇过哪些困境?",http://www.jiemian.com/article/1005096.html,界面新闻,2016年12月08日,22:00
高校里的共享单车,http://news.gmw.cn/2016-12/08/content_23212708.htm,光明网,2016年12月08日,03:00
不盈利仍成功融资 共享单车投放量之争谁能胜出?,http://it.sohu.com/20161206/n475063161.shtml,搜狐科技,2016年12月06日,13:29
"共享单车大战,没有创新怎么活?",http://www.citnews.com.cn/news/201612/28092.html,中文科技资讯,2016年12月09日,13:58
共享单车乱停放问题 应该如何解决?,http://auto.jschina.com.cn/system/2016/12/09/030215457.shtml,中国江苏网,2016年12月09日,10:07
共享单车乱停——“不是我的车”,http://newspaper.jfdaily.com/shfzb/html/2016-12/09/content_233187.htm,申江服务导报,2016年12月09日,01:00
共享单车引多家资本进入 明年大洗牌或仅存一家独角兽,http://finance.sina.com.cn/roll/2016-12-03/doc-ifxyiayq2139423.shtml,新浪财经,2016年12月03日,00:11
成都“共享单车”被扔进河里 警方立案调查(图),http://www.huaxia.com/xw/zhxw/2016/12/5109130.html,华夏经纬网,2016年12月07日,14:37
"共享单车开启混战模式,谁能笑到最后?",http://www.cnii.com.cn/internetnews/2016-12/05/content_1800182.htm,中国信息产业网,2016年12月05日,21:26
"共享单车“野蛮生长”,咋管?",http://society.people.com.cn/n1/2016/1205/c1008-28923840.html,人民网,2016年12月05日,03:00
火爆北上广的共享单车在杭州能走多远?,http://ori.hangzhou.com.cn/ornews/content/2016-12/08/content_6413646.htm,杭州网,2016年12月08日,16:46
共享单车:引领骑行新概念,http://www.chinatoday.com.cn/chinese/society/zgss/201612/t20161208_800074194.html,今日中国,2016年12月08日,10:03
共享单车如何告别野蛮生长?,http://hwyst.hangzhou.com.cn/mtld/content/2016-12/08/content_6412902.htm,杭州网,2016年12月08日,04:54
共享单车深夜“落水”成都锦江河中 警方已立案,http://www.sc.xinhuanet.com/content/2016-12/07/c_1120072743.htm,新华网四川站,2016年12月07日,15:00
"盈利成谜,伪商业模式下的共享单车更像是镜中之花",http://money.163.com/16/1201/14/C773VHQ8002580S6.html#from=keyscan,网易财经,2016年12月01日,13:00
12月1日:共享单车离不开“共享”的城市环境,http://money.163.com/16/1201/13/C773D0GC002580S6.html,网易财经,2016年12月01日,13:00
丁恒情:“共享单车”能否真正成为市民出行新宠,http://news.163.com/16/1201/11/C76SSE8B000187VG.html,网易新闻,2016年12月01日,11:50
共享单车炙手可热 竞争白热化现隐忧,http://www.p5w.net/news/cjxw/201612/t20161201_1651634.htm,全景网络,2016年12月01日,10:00
谢晓刚:应该赋予“共享单车”城市交通特权,http://news.163.com/16/1201/09/C76K63LC000187VG.html,网易新闻,2016年12月01日,09:02
离开法治 共享单车将寸步难行,http://money.163.com/16/1201/10/C76NL197002580S6.html#from=keyscan,网易财经,2016年12月01日,07:49
解决共享单车违停不能靠扣押,http://news.163.com/16/1201/06/C76BOFOD000187VI.html,网易新闻,2016年12月01日,06:36
"共享单车火了,有专用车道骑行吗?",http://news.163.com/16/1201/06/C76A843P000187VE.html,网易新闻,2016年12月01日,06:03
挂钩征信可让共享单车行至更远,http://news.163.com/16/1201/02/C75TP6KK00014Q4P.html,网易新闻,2016年12月01日,02:15
共享单车 有共管才能践行共享,http://news.163.com/16/1201/02/C75R54SP000187VI.html,网易新闻,2016年12月01日,02:18
"“共享单车”管理,要找对主体",http://news.163.com/16/1201/00/C75LQT1K000187VG.html,网易新闻,2016年12月01日,00:27
“共享单车”健康发展离不开“三步曲”,http://news.163.com/16/1201/00/C75LQT09000187VG.html,网易新闻,2016年12月01日,00:26
共享单车遭人为破坏 城市管理迎来新考验,http://news.ifeng.com/a/20161203/50358200_0.shtml,凤凰网,2016年12月03日,08:00
"历史上的共享单车没能飞起来,现在“二战”必须要走出这3个误区",http://newseed.pedaily.cn/201612/201612061327839.shtml,新芽网,2016年12月06日,15:00
一场两个轮子的终极较量 5大共享单车实力对决,http://www.newskj.org/hotnews/2016120680300.html,每日科技网,2016年12月06日,09:45
三大难题待解 共享单车能否熬过第一个“冬天”?,http://www.kejixun.com/article/161205/256550.shtml,科技讯,2016年12月05日,16:31
朱雀丹心:共享单车应行驶在法制轨道,http://www.jiaodong.net/pinglun/system/2016/12/05/013329403.shtml,胶东在线,2016年12月05日,13:45
曾政:驱动“共享单车”品控与监管的双辙,http://news.163.com/16/1130/14/C74KDTIP000187VG.html,网易新闻,2016年11月30日,14:49
谁更好骑? 五款主流共享单车横向评测,http://mobile.163.com/16/1130/12/C74BA9E400118025.html,网易手机,2016年11月30日,11:00
共享单车频遭损毁 “骑车五分钟找车半小时”太尴尬,http://finance.ifeng.com/a/20161130/15043723_0.shtml,凤凰网,2016年11月30日,07:00
共享单车使用频遇尴尬 单车共享先过公民道德关,http://www.rmzxb.com.cn/c/2016-12-07/1199936_2.shtml,人民政协网,2016年12月07日,00:00
"盈利成谜,伪商业模式下的共享单车更像是镜中之花",http://money.163.com/16/1201/14/C773VHQ8002580S6.html#from=keyscan,网易财经,2016年12月01日,13:00
12月1日:共享单车离不开“共享”的城市环境,http://money.163.com/16/1201/13/C773D0GC002580S6.html,网易财经,2016年12月01日,13:00
丁恒情:“共享单车”能否真正成为市民出行新宠,http://news.163.com/16/1201/11/C76SSE8B000187VG.html,网易新闻,2016年12月01日,11:50
共享单车炙手可热 竞争白热化现隐忧,http://www.p5w.net/news/cjxw/201612/t20161201_1651634.htm,全景网络,2016年12月01日,10:00
谢晓刚:应该赋予“共享单车”城市交通特权,http://news.163.com/16/1201/09/C76K63LC000187VG.html,网易新闻,2016年12月01日,09:02
离开法治 共享单车将寸步难行,http://money.163.com/16/1201/10/C76NL197002580S6.html#from=keyscan,网易财经,2016年12月01日,07:49
解决共享单车违停不能靠扣押,http://news.163.com/16/1201/06/C76BOFOD000187VI.html,网易新闻,2016年12月01日,06:36
"共享单车火了,有专用车道骑行吗?",http://news.163.com/16/1201/06/C76A843P000187VE.html,网易新闻,2016年12月01日,06:03
挂钩征信可让共享单车行至更远,http://news.163.com/16/1201/02/C75TP6KK00014Q4P.html,网易新闻,2016年12月01日,02:15
共享单车 有共管才能践行共享,http://news.163.com/16/1201/02/C75R54SP000187VI.html,网易新闻,2016年12月01日,02:18
"“共享单车”管理,要找对主体",http://news.163.com/16/1201/00/C75LQT1K000187VG.html,网易新闻,2016年12月01日,00:27
“共享单车”健康发展离不开“三步曲”,http://news.163.com/16/1201/00/C75LQT09000187VG.html,网易新闻,2016年12月01日,00:26
共享单车遭人为破坏 城市管理迎来新考验,http://news.ifeng.com/a/20161203/50358200_0.shtml,凤凰网,2016年12月03日,08:00
"历史上的共享单车没能飞起来,现在“二战”必须要走出这3个误区",http://newseed.pedaily.cn/201612/201612061327839.shtml,新芽网,2016年12月06日,15:00
一场两个轮子的终极较量 5大共享单车实力对决,http://www.newskj.org/hotnews/2016120680300.html,每日科技网,2016年12月06日,09:45
三大难题待解 共享单车能否熬过第一个“冬天”?,http://www.kejixun.com/article/161205/256550.shtml,科技讯,2016年12月05日,16:31
朱雀丹心:共享单车应行驶在法制轨道,http://www.jiaodong.net/pinglun/system/2016/12/05/013329403.shtml,胶东在线,2016年12月05日,13:45
曾政:驱动“共享单车”品控与监管的双辙,http://news.163.com/16/1130/14/C74KDTIP000187VG.html,网易新闻,2016年11月30日,14:49
共享单车频遭损毁 “骑车五分钟找车半小时”太尴尬,http://finance.ifeng.com/a/20161130/15043723_0.shtml,凤凰网,2016年11月30日,07:00
"共享单车虽方便,但仍存道德层面难题",http://www.p5w.net/news/tech/201611/t20161128_1648564.htm,全景网络,2016年11月28日,17:00
央视:共享单车面临诚信考验 被用户随意停放或据为己有,http://www.cnr.cn/tech/techgd/20161128/t20161128_523292713.shtml,中国广播网,2016年11月28日,15:00
共享单车风靡成都 因乱停放被华阳街道清理百辆,http://www.cnr.cn/scfw/sc/2014jiaodiantu/20161128/t20161128_523291803.shtml,中国广播网,2016年11月28日,08:00
“共享单车”冲击“分时租赁”?,http://news.21cn.com/caiji/roll1/zhnb/2016/1128/06/31738956.shtml,21CN,2016年11月28日,06:00
涉“占道经营”!成都城管收缴共享单车,http://news.163.com/16/1128/05/C6UG5431000187VE.html,网易新闻,2016年11月28日,05:17
各路资本杀入共享单车,http://news.163.com/16/1128/05/C6UE701G000187VE.html,网易新闻,2016年11月28日,05:32
1年引20多个投资方融资 六问共享单车江湖之争,http://tech.163.com/16/1128/04/C6UAMSCI00097U7R.html,网易科技,2016年11月28日,04:20
“共享单车”风行大半月 环保便捷受热捧 存在乱停乱放现象,http://news.163.com/16/1128/03/C6U7PUO8000187VI.html,网易新闻,2016年11月28日,03:30
六问共享单车还能共享多久,http://news.sina.com.cn/o/2016-11-28/doc-ifxyasmv2019719.shtml,新浪新闻,2016年11月28日,02:00
六问共享单车江湖之争,http://news.163.com/16/1128/01/C6U2T9MJ000187VI.html,网易新闻,2016年11月28日,01:55
共享单车引多家资本进入 明年大洗牌或仅存一家独角兽,http://news.emoney.cn/hangye/4772941.shtml,益盟操盘手,2016年12月03日,17:03
共享单车触动黑车摩的利益遭恶意破坏,http://news.ikanchai.com/2016/1203/109419.shtml,砍柴网,2016年12月03日,11:00
挂钩征信才能让共享单车行稳致远,http://guancha.gmw.cn/2016-12/01/content_23156960.htm,光明观察,2016年12月01日,09:00
以共享理念拓展 “共享单车”生存空间,http://news.ifeng.com/a/20161129/50332238_0.shtml,凤凰网,2016年11月29日,07:00
共享单车被恶意堆放路边,http://news.k618.cn/roll/201612/t20161202_9632383.html,未来网,2016年12月02日,15:09
对共享单车也该“共享管理”,http://szb.ycen.com.cn/epaper/ycrb/html/2016-12/02/content_38971.htm,银川晚报,2016年12月02日,14:27
"共享单车火了,有专用车道骑行吗?",http://epaper.oeeee.com/epaper/H/html/2016-12/02/content_100316.htm,南方都市报数字报,2016年12月02日,05:51
小蓝单车落地 共享单车市场日趋热闹,http://auto.163.com/16/1126/10/C6PRIVQ6000884MM.html,网易汽车,2016年11月26日,10:06
共享单车遭遇城管执法 四川城管收走百余辆单车,http://news.qq.com/a/20161126/001194.htm?_t_t_t=0.16240575956180692,腾讯新闻,2016年11月26日,03:00
共享单车在成都1周后 因乱停放被城管没收,http://news.163.com/16/1125/19/C6O8RNMG0001875P.html#fr=email,网易新闻,2016年11月25日,19:35
"共享单车虽方便,但仍存道德层面难题",http://www.p5w.net/news/tech/201611/t20161128_1648564.htm,全景网络,2016年11月28日,17:00
央视:共享单车面临诚信考验 被用户随意停放或据为己有,http://www.cnr.cn/tech/techgd/20161128/t20161128_523292713.shtml,中国广播网,2016年11月28日,15:00
共享单车风靡成都 因乱停放被华阳街道清理百辆,http://www.cnr.cn/scfw/sc/2014jiaodiantu/20161128/t20161128_523291803.shtml,中国广播网,2016年11月28日,08:00
“共享单车”冲击“分时租赁”?,http://news.21cn.com/caiji/roll1/zhnb/2016/1128/06/31738956.shtml,21CN,2016年11月28日,06:00
涉“占道经营”!成都城管收缴共享单车,http://news.163.com/16/1128/05/C6UG5431000187VE.html,网易新闻,2016年11月28日,05:17
各路资本杀入共享单车,http://news.163.com/16/1128/05/C6UE701G000187VE.html,网易新闻,2016年11月28日,05:32
1年引20多个投资方融资 六问共享单车江湖之争,http://tech.163.com/16/1128/04/C6UAMSCI00097U7R.html,网易科技,2016年11月28日,04:20
“共享单车”风行大半月 环保便捷受热捧 存在乱停乱放现象,http://news.163.com/16/1128/03/C6U7PUO8000187VI.html,网易新闻,2016年11月28日,03:30
六问共享单车还能共享多久,http://news.sina.com.cn/o/2016-11-28/doc-ifxyasmv2019719.shtml,新浪新闻,2016年11月28日,02:00
六问共享单车江湖之争,http://news.163.com/16/1128/01/C6U2T9MJ000187VI.html,网易新闻,2016年11月28日,01:55
共享单车引多家资本进入 明年大洗牌或仅存一家独角兽,http://news.emoney.cn/hangye/4772941.shtml,益盟操盘手,2016年12月03日,17:03
共享单车触动黑车摩的利益遭恶意破坏,http://news.ikanchai.com/2016/1203/109419.shtml,砍柴网,2016年12月03日,11:00
挂钩征信才能让共享单车行稳致远,http://guancha.gmw.cn/2016-12/01/content_23156960.htm,光明观察,2016年12月01日,09:00
以共享理念拓展 “共享单车”生存空间,http://news.ifeng.com/a/20161129/50332238_0.shtml,凤凰网,2016年11月29日,07:00
共享单车被恶意堆放路边,http://news.k618.cn/roll/201612/t20161202_9632383.html,未来网,2016年12月02日,15:09
对共享单车也该“共享管理”,http://szb.ycen.com.cn/epaper/ycrb/html/2016-12/02/content_38971.htm,银川晚报,2016年12月02日,14:27
"共享单车火了,有专用车道骑行吗?",http://epaper.oeeee.com/epaper/H/html/2016-12/02/content_100316.htm,南方都市报数字报,2016年12月02日,05:51
小蓝单车落地 共享单车市场日趋热闹,http://auto.163.com/16/1126/10/C6PRIVQ6000884MM.html,网易汽车,2016年11月26日,10:06
共享单车遭遇城管执法 四川城管收走百余辆单车,http://news.qq.com/a/20161126/001194.htm?_t_t_t=0.16240575956180692,腾讯新闻,2016年11月26日,03:00
共享单车在成都1周后 因乱停放被城管没收,http://news.163.com/16/1125/19/C6O8RNMG0001875P.html#fr=email,网易新闻,2016年11月25日,19:35
"成都新兴共享单车问题多:单车占盲道,车锁被锯断……",http://news.163.com/16/1122/09/C6FD825G000187VI.html,网易新闻,2016年11月22日,06:02
成都街头突然兴起“共享单车” 取车难停放乱问题多,http://www.cnr.cn/scfw/sc/2014jiaodiantu/20161121/t20161121_523280216.shtml,中国广播网,2016年11月21日,08:00
成都共享单车公司“1步单车”完成2亿元A轮融资,http://www.techweb.com.cn/finance/2016-11-30/2441604.shtml,Techweb,2016年11月30日,11:58
没有锁的共享单车你见过吗?,http://news.21cn.com/caiji/roll1/a/2016/1118/19/31717114.shtml,21CN,2016年11月18日,19:01
"共享单车入局者这么多,这会是泡沫吗?",http://www.ifanr.com/749736,爱范儿,2016年11月18日,18:32
共享单车的战斗要升级了,http://business.sohu.com/20161118/n473539687.shtml,搜狐财经,2016年11月18日,14:53
盈利是共享单车的待解难题,http://auto.sohu.com/20161118/n473523466.shtml,搜狐汽车,2016年11月18日,11:34
第一视频推出共享单车-快兔出行,http://money.163.com/16/1117/12/C62TMQCB002580S6.html,网易财经,2016年11月17日,12:33
吕新杰:共享单车不是共享经济,http://www.p5w.net/news/xwpl/201611/t20161117_1639613.htm,全景网络,2016年11月17日,10:00
第一视频推出共享单车-快兔出行,http://news.163.com/16/1117/06/C627VORR000187VE.html,网易新闻,2016年11月17日,06:36
共享单车是典型的PPP,http://news.163.com/16/1117/02/C61S181R00014Q4P.html,网易新闻,2016年11月17日,02:06
共享单车越来越多 与公共空间冲突也愈演愈烈,http://finance.sina.com.cn/consume/puguangtai/2016-11-15/doc-ifxxsmuu5682667.shtml,新浪财经,2016年11月15日,07:44
"共享单车来了,小红车要更上层楼",http://news.163.com/16/1115/04/C5SRNANC000187VI.html,网易新闻,2016年11月15日,04:21
共享单车介于商业与公益之间 前提是商业上要先成立,http://finance.sina.com.cn/roll/2016-11-14/doc-ifxxsmic6278912.shtml,新浪财经,2016年11月14日,23:36
共享单车的“四姨太效应”,http://news.163.com/16/1114/09/C5QT1LC600014SEH.html,网易新闻,2016年11月14日,09:01
真的不知道78:共享单车真的方便又实用?,http://digi.163.com/16/1114/08/C5QPOHDT001680P9.html,网易数码,2016年11月14日,08:43
共享单车资本泡沫乍现,http://finance.sina.com.cn/roll/2016-11-14/doc-ifxxsmuu5547210.shtml,新浪财经,2016年11月14日,01:21
共享单车的春风与忧愁 - 中国城市报-人民网,http://paper.people.com.cn/zgcsb/html/2016-11/14/content_1727802.htm,人民日报人民网,2016年11月14日,00:00
"共享单车“台风”来袭,是裹着善良,还是透着苍凉?",http://www.leiphone.com/news/201611/QJmT5wRyO7cViMax.html?viewType=weixin,雷锋网,2016年11月13日,17:00
共享单车大战的第一个冬天 谁更难熬?,http://money.163.com/16/1113/03/C5NK5JPC002580S6.html,网易财经,2016年11月13日,03:00
应该赋予“共享单车”城市交通特权,http://www.gsjb.com/news/3/32/201612010701462825.html,甘肃经济网,2016年12月01日,23:47
让科学化管理与共享单车“比翼齐飞”,http://www.zjjzx.cn/news/zjjplwy/905011.html,张家界在线,2016年12月01日,11:50
共享单车:你用着开心就好,http://www.ccn.com.cn/330/924057.html,中国消费网,2016年12月01日,11:00
违规的“共享单车”别把自己当王子,http://news.cjn.cn/cjsp/cjzb/201612/t2925296.htm,长江网,2016年12月01日,09:00
新区共享单车寥寥无几,http://epaper.oeeee.com/epaper/H/html/2016-12/01/content_99984.htm,南方都市报数字报,2016年12月01日,05:09
共享单车一锅粥,http://it.sohu.com/20161128/n474335847.shtml,搜狐科技,2016年11月28日,14:44
共享单车风靡成都 引领绿色出行新风尚,http://www.huaxia.com/jxtf/sy/xwsc/2016/11/5097055.html,华夏经纬网,2016年11月28日,12:42
共享单车是方便了 但用户真的需要500元作为门槛费?,http://tech.sina.com.cn/t/2016-11-28/doc-ifxyawmp0359470.shtml,新浪科技,2016年11月28日,09:00
试运营3周活跃用户8万人 共享单车短短时间风靡成都,http://www.huaxia.com/jxtf/sy/xwsc/2016/11/5096191.html,华夏经纬网,2016年11月28日,09:06
共享单车被城管清理了?!你怎么看?,http://info.xcar.com.cn/pk/85.html,爱卡汽车网,2016年11月28日,05:00
六问共享单车还能共享多久,http://news.ifeng.com/a/20161128/50324668_0.shtml,凤凰网,2016年11月28日,01:00
共享单车再添新军 服务同质恐难有爆款,http://www.p5w.net/news/cjxw/201611/t20161110_1633525.htm,全景网络,2016年11月10日,10:00
共享单车占道停忙坏交警 绿色出行准备好了吗?,http://www.mnw.cn/keji/internet/1480438.html,闽南网,2016年11月30日,16:00
共享单车频遭损毁 “骑车五分钟找车半小时”太尴尬,http://news.dayoo.com/society/201611/30/150049_50509431.htm,大洋网,2016年11月30日,10:00
共享单车现苏州 还车不限地点还能骑到公司门口,http://news.163.com/16/1108/14/C5BTHF7S000187VG.html,网易新闻,2016年11月08日,12:00
摩拜与ofo想颠覆共享单车市场?没戏!,http://business.sohu.com/20161107/n472544126.shtml,搜狐财经,2016年11月07日,21:07
共享单车的海外身影,http://www.p5w.net/news/cjxw/201611/t20161104_1627963.htm,全景网络,2016年11月04日,07:00
共享单车“荆棘路”,http://www.legaldaily.com.cn/Finance_and_Economics/content/2016-11/03/content_6864232.htm?node=75681,法制网,2016年11月03日,15:00
共享单车“荆棘路”,http://finance.sina.com.cn/roll/2016-11-03/doc-ifxxnety7218312.shtml,新浪财经,2016年11月03日,14:22
共享单车难成共享经济,http://www.p5w.net/news/cjxw/201611/t20161103_1626843.htm,全景网络,2016年11月03日,11:00
让科学化管理与共享单车“比翼齐飞”,http://www.zjjzx.cn/news/zjjplwy/905011.html,张家界在线,2016年12月01日,11:50
共享单车:你用着开心就好,http://www.ccn.com.cn/330/924057.html,中国消费网,2016年12月01日,11:00
违规的“共享单车”别把自己当王子,http://news.cjn.cn/cjsp/cjzb/201612/t2925296.htm,长江网,2016年12月01日,09:00
新区共享单车寥寥无几,http://epaper.oeeee.com/epaper/H/html/2016-12/01/content_99984.htm,南方都市报数字报,2016年12月01日,05:09
共享单车一锅粥,http://it.sohu.com/20161128/n474335847.shtml,搜狐科技,2016年11月28日,14:44
共享单车风靡成都 引领绿色出行新风尚,http://www.huaxia.com/jxtf/sy/xwsc/2016/11/5097055.html,华夏经纬网,2016年11月28日,12:42
共享单车是方便了 但用户真的需要500元作为门槛费?,http://tech.sina.com.cn/t/2016-11-28/doc-ifxyawmp0359470.shtml,新浪科技,2016年11月28日,09:00
试运营3周活跃用户8万人 共享单车短短时间风靡成都,http://www.huaxia.com/jxtf/sy/xwsc/2016/11/5096191.html,华夏经纬网,2016年11月28日,09:06
共享单车被城管清理了?!你怎么看?,http://info.xcar.com.cn/pk/85.html,爱卡汽车网,2016年11月28日,05:00
六问共享单车还能共享多久,http://news.ifeng.com/a/20161128/50324668_0.shtml,凤凰网,2016年11月28日,01:00
共享单车再添新军 服务同质恐难有爆款,http://www.p5w.net/news/cjxw/201611/t20161110_1633525.htm,全景网络,2016年11月10日,10:00
共享单车占道停忙坏交警 绿色出行准备好了吗?,http://www.mnw.cn/keji/internet/1480438.html,闽南网,2016年11月30日,16:00
共享单车频遭损毁 “骑车五分钟找车半小时”太尴尬,http://news.dayoo.com/society/201611/30/150049_50509431.htm,大洋网,2016年11月30日,10:00
共享单车现苏州 还车不限地点还能骑到公司门口,http://news.163.com/16/1108/14/C5BTHF7S000187VG.html,网易新闻,2016年11月08日,12:00
共享单车的海外身影,http://www.p5w.net/news/cjxw/201611/t20161104_1627963.htm,全景网络,2016年11月04日,07:00
共享单车“荆棘路”,http://www.legaldaily.com.cn/Finance_and_Economics/content/2016-11/03/content_6864232.htm?node=75681,法制网,2016年11月03日,15:00
共享单车“荆棘路”,http://finance.sina.com.cn/roll/2016-11-03/doc-ifxxnety7218312.shtml,新浪财经,2016年11月03日,14:22
共享单车难成共享经济,http://www.p5w.net/news/cjxw/201611/t20161103_1626843.htm,全景网络,2016年11月03日,11:00
共享单车火热背后:屡遭人为破坏 用户体验待改善,http://money.163.com/16/1102/00/C4QURTA7002580S6.html#from=end,网易财经,2016年11月02日,00:00
90天内结束战争 共享单车的未来真的能“一锤定音”吗?,http://news.pedaily.cn/201611/20161130406135.shtml,投资界,2016年11月30日,19:00
共享单车受资本疯狂加持:商业模式遭质疑,http://finance.qq.com/a/20161023/002376.htm,腾讯财经,2016年10月23日,06:00
资本疯狂加持:共享单车去往何方?,http://money.163.com/16/1022/06/C3VAQVAS002580T4.html,网易财经,2016年10月22日,06:43
共享单车:又一个风口上的“独角兽”骑行向何方,http://finance.sina.com.cn/roll/2016-10-22/doc-ifxwztru6851356.shtml,新浪财经,2016年10月22日,00:59
寻找违停单车的“猎人”:因共享单车而生的城市传奇,http://tech.sina.com.cn/i/2016-11-21/doc-ifxxwrwk1583403.shtml,新浪科技,2016年11月21日,15:00
一地单车?只是共享单车之战的开始,http://tech.sina.com.cn/i/2016-11-21/doc-ifxxwrwh4813678.shtml,新浪科技,2016年11月21日,11:00
深度思考:“共享单车”是一门好生意吗?,http://www.huxiu.com/article/167974.html,虎嗅网,2016年10月21日,21:00
"砸钱之后,你猜共享单车要怎么讲故事?",http://auto.sohu.com/20161021/n470912611.shtml,搜狐汽车,2016年10月21日,11:58
24天3轮融资:小鸣单车完成B轮融资 共享单车之战疯魔化,http://finance.sina.com.cn/money/smjj/smgq/2016-10-21/doc-ifxwztrs9994368.shtml,新浪财经,2016年10月21日,10:15
上海刮起共享单车旋风 遭遇管理与盈利双重拷问,http://money.163.com/16/1021/01/C3S582TD002580S6.html#from=biz_index,网易财经,2016年10月21日,00:46
共享单车狂想曲:开始之日也是结束之时,http://business.sohu.com/20161020/n470831514.shtml,搜狐财经,2016年10月20日,20:02
第一视频推出共享单车 快兔出行,http://news.ifeng.com/a/20161119/50282530_0.shtml,凤凰网,2016年11月19日,04:00
共享单车为何这么火?其实是投资人看上了现金流,http://tech.163.com/16/1019/13/C3OCKGDL00097U7V.html,网易科技,2016年10月19日,13:27
"共享单车大战已升级,你享受过它们么?",http://sports.sohu.com/20161019/n470647541.shtml,搜狐体育,2016年10月19日,10:54
ofo和摩拜的共享单车市场争夺战:烧钱对赌口水仗,http://finance.sina.com.cn/chanjing/sdbd/2016-10-19/doc-ifxwvpqh7801077.shtml,新浪财经,2016年10月19日,07:42
共享单车平台展开融资竞赛 下一个“滴滴”在哪里?,http://tech.ifeng.com/a/20161018/44471483_0.shtml,凤凰科技,2016年10月18日,10:00
"上线半年,共享自行车的拿钱速度已超过打车大战",http://news.163.com/16/1018/10/C3LEF9BB000181MU.html,网易新闻,2016年10月18日,10:50
共享单车APP获资本青睐 谁将是下一个“滴滴”?,http://news.163.com/16/1017/02/C3HVUDB900014Q4P.html,网易新闻,2016年10月17日,02:05
共享单车——“最后一公里”上的资本角逐,http://news.163.com/16/1017/02/C3HV8ML000014AED.html,网易新闻,2016年10月17日,02:01
共享单车受宠 运维风险叠加,http://news.163.com/16/1017/00/C3HO6OI400014AED.html,网易新闻,2016年10月17日,00:10
快速扩张的共享单车还未到盈利期,http://cn.chinadaily.com.cn/2016-11/16/content_27392891.htm,中国日报网,2016年11月16日,10:58
寻找违停单车的“猎人”:因共享单车而生的城市传奇,http://tech.sina.com.cn/i/2016-11-21/doc-ifxxwrwk1583403.shtml,新浪科技,2016年11月21日,15:00
一地单车?只是共享单车之战的开始,http://tech.sina.com.cn/i/2016-11-21/doc-ifxxwrwh4813678.shtml,新浪科技,2016年11月21日,11:00
深度思考:“共享单车”是一门好生意吗?,http://www.huxiu.com/article/167974.html,虎嗅网,2016年10月21日,21:00
"砸钱之后,你猜共享单车要怎么讲故事?",http://auto.sohu.com/20161021/n470912611.shtml,搜狐汽车,2016年10月21日,11:58
24天3轮融资:小鸣单车完成B轮融资 共享单车之战疯魔化,http://finance.sina.com.cn/money/smjj/smgq/2016-10-21/doc-ifxwztrs9994368.shtml,新浪财经,2016年10月21日,10:15
上海刮起共享单车旋风 遭遇管理与盈利双重拷问,http://money.163.com/16/1021/01/C3S582TD002580S6.html#from=biz_index,网易财经,2016年10月21日,00:46
共享单车狂想曲:开始之日也是结束之时,http://business.sohu.com/20161020/n470831514.shtml,搜狐财经,2016年10月20日,20:02
第一视频推出共享单车 快兔出行,http://news.ifeng.com/a/20161119/50282530_0.shtml,凤凰网,2016年11月19日,04:00
共享单车为何这么火?其实是投资人看上了现金流,http://tech.163.com/16/1019/13/C3OCKGDL00097U7V.html,网易科技,2016年10月19日,13:27
"共享单车大战已升级,你享受过它们么?",http://sports.sohu.com/20161019/n470647541.shtml,搜狐体育,2016年10月19日,10:54
ofo和摩拜的共享单车市场争夺战:烧钱对赌口水仗,http://finance.sina.com.cn/chanjing/sdbd/2016-10-19/doc-ifxwvpqh7801077.shtml,新浪财经,2016年10月19日,07:42
共享单车平台展开融资竞赛 下一个“滴滴”在哪里?,http://tech.ifeng.com/a/20161018/44471483_0.shtml,凤凰科技,2016年10月18日,10:00
"上线半年,共享自行车的拿钱速度已超过打车大战",http://news.163.com/16/1018/10/C3LEF9BB000181MU.html,网易新闻,2016年10月18日,10:50
共享单车APP获资本青睐 谁将是下一个“滴滴”?,http://news.163.com/16/1017/02/C3HVUDB900014Q4P.html,网易新闻,2016年10月17日,02:05
共享单车——“最后一公里”上的资本角逐,http://news.163.com/16/1017/02/C3HV8ML000014AED.html,网易新闻,2016年10月17日,02:01
共享单车受宠 运维风险叠加,http://news.163.com/16/1017/00/C3HO6OI400014AED.html,网易新闻,2016年10月17日,00:10
快速扩张的共享单车还未到盈利期,http://cn.chinadaily.com.cn/2016-11/16/content_27392891.htm,中国日报网,2016年11月16日,10:58
摩拜单车对比ofo 共享单车谁更靠谱?,http://digi.163.com/16/1016/10/C3G9DJVJ001687H3.html,网易数码,2016年10月16日,10:20
风口上的单车共享江湖,http://news.163.com/16/1016/02/C3FD3QO800014AED.html,网易新闻,2016年10月16日,02:18
监管力度增大 共享单车经济还能走多远,http://news.163.com/16/1015/06/C3D9GKVU00014AED.html,网易新闻,2016年10月15日,06:55
共享单车的“四姨太效应”,http://www.cnii.com.cn/wlkb/rmydb/content/2016-11/14/content_1794686.htm,中国信息产业网,2016年11月14日,13:28
共享单车占道停忙坏交警 绿色出行准备好了吗?,http://sd.china.com.cn/a/2016/xjoe_1129/812717.html,中国网,2016年11月29日,20:07
以共享理念拓展 “共享单车”生存空间,http://review.jschina.com.cn/system/2016/11/29/030147729.shtml,中国江苏网,2016年11月29日,15:37
“共享单车”有经验可循,http://epaper.scdaily.cn/shtml/scrb/20161129/149442.shtml,四川日报,2016年11月29日,09:43
共享单车遭城管执法 共享单车遭遇到哪些尴尬,http://d.youth.cn/sk/201611/t20161129_8895144_1.htm,中国青年网,2016年11月29日,09:00
共享单车 或孕育新独角兽公司,http://tech.ce.cn/news/201611/29/t20161129_18224777.shtml,中国经济网,2016年11月29日,09:00
共享单车好处多多 但超10万辆车该停哪?,http://epaper.oeeee.com/epaper/H/html/2016-11/29/content_99178.htm,南方都市报数字报,2016年11月29日,05:29
当共享单车遭遇城管执法车,http://jb.sznews.com/html/2016-11/29/content_3673837.htm,晶报,2016年11月29日,04:52
摩拜单车获腾讯战略投资 共享单车之战迎来巨头,http://money.163.com/16/1014/08/C3ASB054002580ST.html,网易财经,2016年10月14日,08:30
摩拜ofo复制滴滴快的之战:共享单车引发新资本对决,http://tech.qq.com/a/20161014/005917.htm,腾讯科技,2016年10月14日,07:00
腾讯入局共享单车!摩拜单车宣布完成新一轮融资,http://tech.qq.com/a/20161013/037387.htm,腾讯科技,2016年10月13日,16:00
50辆共享单车被扣 警方:骑车人违法逆行拒缴罚款,http://news.163.com/16/1013/11/C38K84N900014SEH.html,网易新闻,2016年10月13日,10:00
"共享单车被城管拖走,摩拜单车和ofo会不会引来新政的“照顾”?",http://www.leiphone.com/news/201610/MbCxKtHP6nj5U04I.html?viewType=weixin,雷锋网,2016年10月12日,15:09
"近10亿投资涌进共享单车市场,8张图让你充分了解4",http://sports.sohu.com/20161012/n470045027.shtml,搜狐体育,2016年10月12日,09:30
ofo共享单车CEO戴威:创业初期没人看好 还背600万债,http://skylei.baijia.baidu.com/article/652083,百度百家,2016年10月11日,15:00
共享单车一锅粥,http://www.chinaz.com/start/2016/1128/619214.shtml,站长之家,2016年11月28日,16:25
[视频]央视:共享单车面临诚信考验 被用户随意停放或据为己有,http://www.cnbeta.com/articles/562167.htm?_t_t_t=0.6333643242485332,cnBeta,2016年11月28日,14:32
资本角逐单车共享市场,http://finance.sina.com.cn/roll/2016-10-10/doc-ifxwrhzc8948667.shtml,新浪财经,2016年10月10日,21:14
【言论】共享单车有点儿火,http://auto.sohu.com/20161010/n469905027.shtml,搜狐汽车,2016年10月10日,16:47
"ofo投资人:滴滴曾想亲自做共享单车,但见ofo后两周内就投了",http://tech.qq.com/a/20161010/026990.htm,腾讯科技,2016年10月10日,13:00
滴滴、小米领投:ofo共享单车宣布完成1.3亿美元C轮融资,http://mobile.163.com/16/1010/11/C30UHCCT00118021.html,网易手机,2016年10月10日,11:13
"不再只赚学生的钱,共享单车平台ofo走出校园",http://tech.qq.com/a/20161009/037228.htm,腾讯科技,2016年10月09日,22:00
"单车共享开启融资争霸模式,政府是决定生死的关键",http://auto.sohu.com/20161009/n469772703.shtml,搜狐汽车,2016年10月09日,10:49
共享单车成新投资风口,http://finance.sina.com.cn/roll/2016-10-09/doc-ifxwrapv1081988.shtml,新浪财经,2016年10月09日,08:49
共享单车可能真的不是你想的那样?,http://www.donews.com/idonews/article/9376.shtm,DoNews,2016年11月07日,09:27
2016共享单车人群分析报告:高端手机用户更爱用摩拜,http://tech.ifeng.com/a/20161008/44463816_0.shtml,凤凰科技,2016年10月08日,12:00
为什么共享单车注定无法复制Uber、滴滴的成功?,http://news.xinhuanet.com/city/2016-10/08/c_129313495.htm,新华网,2016年10月08日,10:11
共享单车凭什么那么火?CEO和投资人这样说,http://tech.163.com/16/1008/09/C2RKD2V400097U7V.html,网易科技,2016年10月08日,09:14
解决最后三公里出行 共享单车领域竞争加速推进,http://gd.qq.com/a/20161104/020302.htm,大粤网,2016年11月04日,10:00
"关于共享单车,这是迄今为止最全的一篇",http://economy.gmw.cn/2016-11/25/content_23101468.htm,光明网,2016年11月25日,14:00
"...o的创始人哭没哭我不知道,但道德和人性真决定不了共享单车的未来",http://36kr.com/p/5057457.html,36kr,2016年11月25日,11:00
让共享单车骑得更顺需要的不仅是监管,http://news.ifeng.com/a/20161103/50198964_0.shtml,凤凰网,2016年11月03日,13:00
风靡起来的共享单车 能一直“酷”下去吗?,http://news.cctv.com/special/jujiao/2016/553/index.shtml,cctv新闻,2016年11月24日,14:02
共享单车激活公共交通“末梢神经”,http://news.cnfol.com/chanyejingji/20161124/23865637.shtml,中金在线,2016年11月24日,12:02
共享单车火热背后存在人为破坏等五大问题,http://www.fawan.com/sougoutoutiao/2016-11-02/379505.html,法制晚报,2016年11月02日,02:41
"共享单车,行得急 更需行得稳",http://guancha.gmw.cn/2016-11/23/content_23077921.htm,光明观察,2016年11月23日,15:00
共享单车是泡沫还是下一个滴滴?,http://www.wccdaily.com.cn/shtml/hxdsb/20161123/23620.shtml,华西都市报,2016年11月23日,00:00
"单品VS平台,共享单车的明天在哪里",http://www.jiemian.com/article/972681.html,界面新闻,2016年11月22日,11:00
一个被投资人催熟的行业 共享单车那些不得不思考的问题,http://www.techweb.com.cn/viewpoint/2016-11-21/2436547.shtml,Techweb,2016年11月21日,10:32
共享单车难有未来 寒冬泡沫终会来临,http://www.citnews.com.cn/news/201611/27097.html,中文科技资讯,2016年11月28日,15:36
滴滴数千万美元战略投资ofo 布局共享单车出行,http://money.163.com/16/0927/05/C1URF5VO002580S6.html,网易财经,2016年09月27日,05:35
滴滴投资共享单车ofo,http://news.163.com/16/0927/02/C1UI28U300014AED.html,网易新闻,2016年09月27日,02:19
冬天里的一把火:共享单车市场将向何处去?,http://www.jiemian.com/article/960757.html,界面新闻,2016年11月16日,11:00
共享骑行迎“橙黄大战” 市民未来或可在滴滴上租用单车,http://news.163.com/16/0926/13/C1T3F0GS00014SEH.html,网易新闻,2016年09月26日,12:12
"都说让滴滴收购摩拜单车,但它却一转头投资了另一家共享单车ofo",http://money.163.com/16/0926/10/C1SR61QT002580S6.html,网易财经,2016年09月26日,10:00
"摩拜之后再来优拜,共享单车市场的同与不同",http://it.sohu.com/20161025/n471277942.shtml,搜狐科技,2016年10月25日,17:06
思考:“共享自行车”是一种“伪共享经济”的囚徒困境?,http://it.sohu.com/20161025/n471234893.shtml,搜狐科技,2016年10月25日,11:53
“橙”“黄”争夺单车共享市场 摩拜和ofo谁主沉浮,http://sports.sohu.com/20160927/n469253374.shtml,搜狐体育,2016年09月27日,10:23
寻找下个独角兽:中国科技巨头瞄准共享自行车,http://tech.sina.com.cn/i/2016-10-24/doc-ifxwztrt0240585.shtml,新浪科技,2016年10月24日,09:00
共享经济下一站 谁动了谁的单车,http://www.cs.com.cn/ssgs/kj/201609/t20160924_5061471_1.html,中证网,2016年09月24日,07:00
都是公共自行车 共享单车为何更受欢迎,http://www.dzwww.com/xinwen/shehuixinwen/201611/t20161124_15187616.htm,大众网,2016年11月24日,14:00
都是公共自行车 共享单车为何更受欢迎,http://news.dayoo.com/china/201611/24/150058_50484012.htm,大洋网,2016年11月24日,13:00
共享单车战局再入新玩家 优拜单车获天使轮融资,http://tech.163.com/16/0923/08/C1KQ34EI00097U7V.html,网易科技,2016年09月23日,08:16
高校“共享单车”遇尴尬:开学 首月千辆新车“难觅完好的”,http://money.163.com/16/0922/12/C1IOEVRJ002580S6.html,网易财经,2016年09月22日,12:10
城市共享单车暴露管理难等问题 专家:应设停放区,http://news.dayoo.com/society/201611/22/140000_50472785.htm,大洋网,2016年11月22日,15:00
共享单车平台融资大乱斗 究竟谁能笑到最后?,http://news.youth.cn/kj/201610/t20161019_8760664_1.htm,中国青年网,2016年10月19日,08:00
为何这里的共享单车折损少?,http://money.163.com/16/0919/13/C1B1VPQK002580S6.html,网易财经,2016年09月19日,13:51
网约共享自行车频遭“恶意”,http://news.163.com/16/0919/01/C19QIG5U00014AED.html,网易新闻,2016年09月19日,01:56
20家投资方入局 共享单车市场能否走出下一个“滴滴”,http://tech.sina.com.cn/i/2016-10-15/doc-ifxwvpaq1380810.shtml,新浪科技,2016年10月15日,15:00
拉风!每30米就有一辆成都人自己的共享单车,http://news.china.com.cn/live/2016-11/27/content_37399952.htm,中国网,2016年11月27日,17:34
"摩拜之后再来优拜,共享单车市场的同与不同",http://it.sohu.com/20161025/n471277942.shtml,搜狐科技,2016年10月25日,17:06
思考:“共享自行车”是一种“伪共享经济”的囚徒困境?,http://it.sohu.com/20161025/n471234893.shtml,搜狐科技,2016年10月25日,11:53
“橙”“黄”争夺单车共享市场 摩拜和ofo谁主沉浮,http://sports.sohu.com/20160927/n469253374.shtml,搜狐体育,2016年09月27日,10:23
寻找下个独角兽:中国科技巨头瞄准共享自行车,http://tech.sina.com.cn/i/2016-10-24/doc-ifxwztrt0240585.shtml,新浪科技,2016年10月24日,09:00
共享经济下一站 谁动了谁的单车,http://www.cs.com.cn/ssgs/kj/201609/t20160924_5061471_1.html,中证网,2016年09月24日,07:00
都是公共自行车 共享单车为何更受欢迎,http://www.dzwww.com/xinwen/shehuixinwen/201611/t20161124_15187616.htm,大众网,2016年11月24日,14:00
都是公共自行车 共享单车为何更受欢迎,http://news.dayoo.com/china/201611/24/150058_50484012.htm,大洋网,2016年11月24日,13:00
共享单车战局再入新玩家 优拜单车获天使轮融资,http://tech.163.com/16/0923/08/C1KQ34EI00097U7V.html,网易科技,2016年09月23日,08:16
高校“共享单车”遇尴尬:开学 首月千辆新车“难觅完好的”,http://money.163.com/16/0922/12/C1IOEVRJ002580S6.html,网易财经,2016年09月22日,12:10
城市共享单车暴露管理难等问题 专家:应设停放区,http://news.dayoo.com/society/201611/22/140000_50472785.htm,大洋网,2016年11月22日,15:00
共享单车平台融资大乱斗 究竟谁能笑到最后?,http://news.youth.cn/kj/201610/t20161019_8760664_1.htm,中国青年网,2016年10月19日,08:00
为何这里的共享单车折损少?,http://money.163.com/16/0919/13/C1B1VPQK002580S6.html,网易财经,2016年09月19日,13:51
网约共享自行车频遭“恶意”,http://news.163.com/16/0919/01/C19QIG5U00014AED.html,网易新闻,2016年09月19日,01:56
20家投资方入局 共享单车市场能否走出下一个“滴滴”,http://tech.sina.com.cn/i/2016-10-15/doc-ifxwvpaq1380810.shtml,新浪科技,2016年10月15日,15:00
拉风!每30米就有一辆成都人自己的共享单车,http://news.china.com.cn/live/2016-11/27/content_37399952.htm,中国网,2016年11月27日,17:34
规范共享单车 考较管理智慧,http://xinwen.radiotj.com/system/2016/11/27/000564609.shtml,天津广播网,2016年11月27日,13:00
共享单车这么火!它挠了谁的心?,http://bschool.hexun.com/2016-11-26/187079037.html,和讯商学院,2016年11月26日,14:06
"“疯狂”的共享单车,又一场资本跑马圈地的游戏",http://www.jiemian.com/article/938399.html,界面新闻,2016年11月03日,16:00
新民新语 | 被扣的共享单车,http://news.ifeng.com/a/20161013/50096889_0.shtml,凤凰网,2016年10月13日,21:00
成都共享单车企业将启动信用制度 得分低者上涨使用费,http://jiangsu.china.com.cn/html/2016/scnews_1125/8248077.html,东海资讯,2016年11月25日,23:37
共享单车成新投资风口,http://news.idoican.com.cn/zgcjxwb/html/2016-11/22/content_5930804.htm?div=1,营口日报,2016年11月22日,00:31
取车难停放乱 成都街头新兴共享单车问题多,http://sc.house.sina.com.cn/news/2016-11-22/06306206433632354360907.shtml,新浪网,2016年11月21日,19:30
太可怕了!继摩拜之后 ofo共享单车创始人 也哭死在厕所!,http://stock.10jqka.com.cn/20161121/c595105159.shtml&check=9bd28def51b586e1?timer=tc,同花顺,2016年11月21日,13:01
太可怕了!继摩拜之后 ofo共享单车创始人 也哭死在厕所!,http://stock.10jqka.com.cn/20161121/c595105159.shtml&check=9bd28def51b586e1,同花顺,2016年11月21日,13:01
成都街头兴起“共享单车” 取车难停放乱问题多,http://news.cyol.com/content/2016-11/21/content_14670280.htm,中青在线,2016年11月21日,10:00
共享单车成新方式 摩拜OFO“橙黄大战”一触即发,http://review.cnfol.com/jingjiguancha/20161121/23842863.shtml,中金在线评论频道,2016年11月21日,10:49
"共享单车恶性竞争难逃盈利魔咒,谁会笑到最后?",http://www.21jingji.com/2016/11-21/yMMDEzODFfMTM5OTEyMA.html?ulu-rcmd=45_3807ec30c53b4eda9c08227cc1dff070,2016年11月21日,00:00
共享单车“三国杀” 3家新贵砸10亿元抢滩成都(图),http://jiangsu.china.com.cn/html/2016/scnews_1119/8141093.html,东海资讯,2016年11月19日,08:28
网约共享自行车 能否畅行无忧,http://tech.gmw.cn/2016-10/26/content_22657322.htm,光明网,2016年10月26日,09:00
规范共享单车这些事抓紧做,http://xmwb.xinmin.cn/xmwb/html/2016-11/16/content_6_2.htm,新民晚报,2016年11月16日,15:45
共享自行车成网红 看起来美好的事情做起来有多难?,http://www.cs.com.cn/ssgs/kj/201609/t20160906_5050220.html,中证网,2016年09月06日,08:00
ofo共享单车完成1.3亿美元C轮融资,http://auto.sina.com.cn/news/ct/2016-10-10/detail-ifxwrhpn9565420.shtml,新浪汽车,2016年10月10日,14:10
"共享单车“风口”,商业与公益如何选择?(1)",http://edu.china.com/examine/mba/mbanews/90138/20161114/30039303.html,中华网,2016年11月14日,22:02
共享单车“风口” 商业与公益如何选择?,http://news.10jqka.com.cn/20161114/c594977026.shtml,同花顺金融服务网,2016年11月14日,16:55
评论:共享单车还不是共享经济,http://tech.xinmin.cn/internet/2016/11/14/30598570.html,新民网,2016年11月14日,15:00
"摩拜单车和ofo火拼单车共享,但滴滴又怎么会放过他们?",http://business.sohu.com/20160904/n467598756.shtml,搜狐财经,2016年09月04日,18:12
风口上的共享单车,http://newpaper.dahe.cn/dhb/html/2016-11/11/content_92179.htm,大河网,2016年11月11日,04:40
共享单车分析:不只是解决“最后几公里”,http://www.woshipm.com/it/442541.html,人人都是..,2016年11月10日,00:00
无桩式共享自行车摩拜单车进入北京:半小时一元,http://tech.163.com/16/0901/22/BVTLALBE00097U7V.html,网易科技,2016年09月01日,22:46
谁是共享单车领域NO.1?摩拜单车与ofo使用体验,http://www.techweb.com.cn/smarttraveling/2016-10-18/2414884.shtml,Techweb,2016年10月18日,07:00
又有两家企业融资 资本为啥看好共享单车,http://www.jlonline.com/caijing/2016-11-09/95894.shtml,金陵热线,2016年11月09日,16:17
不解决人性弱点问题 共享单车或无药可救,http://www.citnews.com.cn/post/201611/25490.html,中文科技资讯,2016年11月09日,15:19
"从“百bike大战”来看,共享单车还能骑多远?",http://www.traveldaily.cn/article/108954,环球旅讯,2016年11月09日,14:39
共享单车杀出黑马 Hellobike低调入城,http://economy.jschina.com.cn/system/2016/11/09/029999851.shtml,中国江苏网,2016年11月09日,11:07
共享单车“混战”:3个月见分晓 还是3年难结束?,http://news.10jqka.com.cn/20161108/c594866518.shtml,同花顺金融服务网,2016年11月08日,00:35
共享单车上演“融资”大战 - 上海金融报——上海金融报新闻网,http://www.shfinancialnews.com/xww/2009jrb/node5019/node5051/tzbw/userobject1ai169266.html,上海金融报,2016年10月17日,22:00
"共享单车刷屏之后,我却没了停车位",http://www.jiemian.com/article/904195.html,界面新闻,2016年10月17日,21:00
张弢:共享单车的商业逻辑合理吗?,http://stock.10jqka.com.cn/20161107/c594863594.shtml,同花顺,2016年11月07日,17:03
网约共享自行车能否畅行无忧,http://www.dzwww.com/xinwen/guoneixinwen/201610/t20161026_15062842.htm,大众网,2016年10月26日,08:00
共享单车“随意停”遭遇新尴尬 - 城事;广告,http://wenhui.news365.com.cn/html/2016-10/14/content_475730.html,文汇报,2016年10月14日,04:13
"由你共享单车——最好骑的校园共享单车,等你来加入",http://news.zj.com/m/index.php?t=detail&newsid=1628203,浙江都市网,2016年11月04日,17:04
最年轻的共享单车团队已入局 由你单车产品当道直击校园市场,http://news.ikanchai.com/2016/1104/105042.shtml,砍柴网,2016年11月04日,17:00
共享单车投资热:新入局者不断 一家难独大,http://epaper.stcn.com/paper/zqsb/html/epaper/index/content_896287.htm,证券时报,2016年11月04日,02:12
【图解】“共享单车”那么火 其实它们都没想好怎么盈利,http://www.jiemian.com/article/899409.html,界面新闻,2016年10月13日,19:00
“共享单车”更需要共同保护,http://comment.hebnews.cn/2016-11/03/content_6029264.htm,河北新闻网,2016年11月03日,15:27
"朱永华:共享单车遭花式破坏,共享更需共同保护",http://pinglun.iqilu.com/zatan/20161103/3149336.shtml,齐鲁网,2016年11月03日,10:11
共享单车遭遇维护难题 市场火热背后质疑声不断,http://www.scxxb.com.cn/html/2016/jryw_1102/222645.html,市场信息报,2016年11月02日,19:59
组图:记者体验共享单车IT,http://news.dahe.cn/2016/11-02/107702365.html,大河网,2016年11月02日,09:00
组图:记者体验共享单车IT,http://tech.jschina.com.cn/system/2016/11/02/029949057.shtml,中国江苏网,2016年11月02日,09:19
来看看单车共享的三大战略误区 以及未来希望在哪里?,http://new.qi-che.com/xiaofeikeji/20161206323731.html?_k=i0st3y,汽车中国,2016年12月06日,00:00
网约共享自行车能否畅行无忧,http://www.dzwww.com/xinwen/guoneixinwen/201610/t20161026_15062842.htm,大众网,2016年10月26日,08:00
共享单车“随意停”遭遇新尴尬 - 城事;广告,http://wenhui.news365.com.cn/html/2016-10/14/content_475730.html,文汇报,2016年10月14日,04:13
"由你共享单车——最好骑的校园共享单车,等你来加入",http://news.zj.com/m/index.php?t=detail&newsid=1628203,浙江都市网,2016年11月04日,17:04
共享单车投资热:新入局者不断 一家难独大,http://epaper.stcn.com/paper/zqsb/html/epaper/index/content_896287.htm,证券时报,2016年11月04日,02:12
【图解】“共享单车”那么火 其实它们都没想好怎么盈利,http://www.jiemian.com/article/899409.html,界面新闻,2016年10月13日,19:00
“共享单车”更需要共同保护,http://comment.hebnews.cn/2016-11/03/content_6029264.htm,河北新闻网,2016年11月03日,15:27
共享单车遭遇维护难题 市场火热背后质疑声不断,http://www.scxxb.com.cn/html/2016/jryw_1102/222645.html,市场信息报,2016年11月02日,19:59
组图:记者体验共享单车IT,http://news.dahe.cn/2016/11-02/107702365.html,大河网,2016年11月02日,09:00
组图:记者体验共享单车IT,http://tech.jschina.com.cn/system/2016/11/02/029949057.shtml,中国江苏网,2016年11月02日,09:19
来看看单车共享的三大战略误区 以及未来希望在哪里?,http://new.qi-che.com/xiaofeikeji/20161206323731.html?_k=i0st3y,汽车中国,2016年12月06日,00:00
湛广:共享单车狂热背后的迷局与拆解,http://industry.caijing.com.cn/20161031/4192924.shtml,财经网,2016年10月31日,18:26
未成熟的共享单车骑吧!路还长着呢,http://ycdtb.dayoo.com/html/2016-10/28/content_3273854.htm,羊城地铁报,2016年10月28日,04:01
“1步共享单车”登陆蓉城,http://news.scol.com.cn/gdxw/201610/55701045.html,四川在线,2016年10月28日,04:43
"数十亿资金鏖战共享单车,这个混局该怎么解?",http://www.weste.net/2016/10-27/112705.html,威易网,2016年10月27日,16:02
"共享单车爆发,但为什么“实时公交”迟迟未火?",http://www.cww.net.cn/news/html/2016/10/26/201610262053168538.htm,通信世界网,2016年10月26日,20:00
"共享单车们跨界旅游业,你看好吗?",http://www.iyiou.com/p/33611/fs/1,亿欧网,2016年10月25日,00:00
共享单车背后投资乱斗:投资人称订单超滴滴,http://www.ebrun.com/20161014/196997.shtml,亿邦动力网,2016年10月14日,14:46
共享单车突围记,http://tech.hexun.com/2016-10-24/186552399.html,和讯科技,2016年10月24日,09:45
"频获融资的共享单车,能否成为下一个滴滴、Uber?",http://www.sootoo.com/content/666992.shtml,速途网,2016年10月12日,11:00
共享自行车很火 未来还会有什么样的想象空间?,http://tech.sina.com.cn/i/2016-09-12/doc-ifxvukhv8183982.shtml,新浪科技,2016年09月12日,14:00
2016年共享单车分析报告 摩拜增幅达172.7%,http://www.ebrun.com/20161009/195611.shtml,亿邦动力网,2016年10月09日,08:35
共享单车成风口肥猪频获资本青睐 市场规模未达一亿略显尴尬,http://www.iimedia.cn/45472.html,艾媒网,2016年10月19日,16:00
共享单车能成为互联网下一个风口吗?,http://tech.hexun.com/2016-10-18/186465823.html,和讯科技,2016年10月18日,09:18
为什么我卸载了摩拜、OFO共享单车?,http://www.jiemian.com/article/900613.html,界面新闻,2016年10月15日,22:00
共享单车项目火了 但创业真的不是做公益,http://tech.sina.com.cn/i/2016-09-07/doc-ifxvqcts9758632.shtml,新浪科技,2016年09月07日,15:00
共享单车APP获资本青睐 谁将是下一个“滴滴”?,http://gz.ifeng.com/a/20161017/5062882_0.shtml,凤凰网,2016年10月17日,14:00
"共享单车“疯了”,但你一定不知道骑行领域从三月就悄然爆发!",http://newseed.pedaily.cn/201610/201610171326880.shtml,新芽网,2016年10月17日,09:00
"当“摩拜们”被城管拖走后,共享单车会引来哪些新政的关照?",http://cn.technode.com/post/2016-10-13/mobike-ofo/,动点科技,2016年10月13日,10:24
云南师范大学开展自行车共享计划,http://news.feijiu.net/infocontent/html/201610/12/12376395.html,Feijiu网,2016年10月12日,08:25
"乐视要学摩拜单车跑马圈地,共享单车真的不赚钱?",http://www.eefocus.com/automobile-electronics/370211/r1,与非网,2016年10月11日,10:15
"共享单车、共享巴士,到底共享了什么?",http://yueyu.cntv.cn/2016/10/09/ARTICy8bsRcT0wcgZbyCV6i3161009.shtml,中国网络电视台,2016年10月09日,11:00
"共享单车再现破局者,优拜携永久杀入 ,获千万级天使轮",http://newseed.pedaily.cn/201610/201610081326664.shtml,新芽网,2016年10月08日,09:00
"滴滴投资ofo,单车共享泡沫来了?",http://www.iheima.com/zixun/2016/0927/158957.shtml,i黑马,2016年09月27日,06:00
"扒一扒“共享单车”,不过是个伪命题",http://www.yuncaijing.com/news/id_6611473.html,云财经,2016年09月28日,11:00
"扒一扒“共享单车”,不过是个伪命题",http://newseed.pedaily.cn/201609/201609281326562.shtml,新芽网,2016年09月28日,11:00
共享单车火爆的背后思考:是不是真的解决了“最后一米”?,http://www.jiemian.com/article/840049.html,界面新闻,2016年09月07日,10:00
【爱范儿】风头上的“共享自行车”:一场看不到盈利的“豪赌”?,http://www.jiemian.com/article/839802.html,界面新闻,2016年09月07日,09:00
为什么共享单车注定无法复制Uber、滴滴的成功?,http://www.ebusinessreview.cn/articledetail-287025.html,商业评论网,2016年09月27日,11:10
ofo共享单车:让师生出行不再成为难题,http://news.nwsuaf.edu.cn/xnxw/68265.htm,西北农林科技大学,2016年09月25日,08:27
共享自行车成网红 看着美好的事情做着多难?,http://www.ebrun.com/20160906/190857.shtml,亿邦动力网,2016年09月06日,07:51
京沪兴起高颜值“共享单车”:可预约 随取随停,http://sd.china.com.cn/a/2016/xjoe_0911/702933.html,中国网,2016年09月11日,20:45
共享单车项目想盈利太难了,http://news.dahe.cn/2016/09-07/107452848.html,大河网,2016年09月07日,15:00
共享单车管理遇各式尴尬 专家:配套措施需跟进,http://sh.sina.com.cn/news/m/2016-09-07/detail-ifxvqctu6437969.shtml,新浪上海站,2016年09月07日,07:21
Mobike上线两个月被吐槽 国内共享单车还需解决什么问题,http://money.163.com/16/0629/21/BQOOJTCO00253B0H.html,网易财经,2016年06月29日,21:00
谁是共享单车领域NO.1?,http://www.sootoo.com/content/667118.shtml,速途网,2016年10月18日,09:00
推荐共享单车霸占人行道边? 到底该停哪才能不添堵?,http://tech.163.com/keywords/5/7/51714eab53558f66/1.html,网易科技,2016年05月20日,06:53
"摩拜和ofo打响资本大战 外媒:单车分享是下一个""网红""(全文)",http://news.163.com/16/1023/00/C4186JLV00014JB5_all_mobile.html,网易新闻,2016年10月23日,00:01
"无桩共享式自行车“摩拜单车”进入北京,半小时一元",http://cn.technode.com/post/2016-09-02/mobike-beijing/,动点科技,2016年09月02日,01:00
"摩拜单车被停小区甚至自家车库,我们离分享文明还有多远?",http://news.163.com/16/0922/09/C1ICCRG900014SEH.html,网易新闻,2016年09月22日,09:00
共享单车火拼:摩拜单车和OFO比你想象的更相近,http://it.sohu.com/20161025/n471252617.shtml,搜狐科技,2016年10月25日,13:19
共享经济这一年(三):共享单车,http://tech.qq.com/original/sw/i33.html,腾讯科技,2015年11月09日,00:00
滴滴未来将对抗共享单车?,http://tech.123.com.cn/show/394-26699.html,云掌财经,2016年12月21日,15:15
共享单车调研:杭州“小红车” 让智慧出行再升级,http://ex.cssn.cn/dybg/gqdy_sh/201612/t20161212_3309664_3.shtml,中国社会科学网,2016年12月12日,09:00
"Bluegogo | 共享单车的彩色战场,从南方刮来一股蓝色的风",http://news.jsdushi.cn/2016/92490.shtml,江苏都市网,2016年12月09日,17:37
【京城近观】共享单车大战,http://news.etnet.com.cn/reports-foreign-news/261207813.htm,经济通中国站,2016年12月07日,11:00
"“疯狂”的共享单车,又一场资本跑马圈地的游戏",http://www.im2maker.com/news/20161101/276765aeaa340365.html,镁客网,2016年11月01日,18:15
网红单车登陆深圳 开启共享单车模式,http://shenzhen.sina.com.cn/news/s/2016-10-17/detail-ifxwvpar8217125.shtml,2016年10月17日,07:47
"这个荷兰大叔发明的""走路自行车"",刷爆国外媒体、朋友圈",http://www.ptxw.com/plw/90dzj/201612/t20161226_156544.htm,莆田新闻网,11小时前
"ofo打响共享单车广告战第一枪,会引发补贴大战吗?",http://luochao.baijia.baidu.com/article/726898,百度百家,2016年12月16日,22:00
"共享单车时代,城市配套做好准备了吗",http://news.xinhuanet.com/city/2016-11/28/c_129381509.htm,新华网,2016年11月28日,13:43
"ofo+滴滴之后,能否迎来共享单车市场的大爆发",http://xinhaiguang.baijia.baidu.com/article/640330,百度百家,2016年09月27日,21:00
共享单车上演“最后一公里”资本角逐 仍存诸多乱象,http://www.legaldaily.com.cn/index/content/2016-10/17/content_6839156.htm?node=20908,法制网,2016年10月17日,04:00
自行车共享经济风头正劲,http://sports.sohu.com/20161026/n471383422.shtml,搜狐体育,2016年10月26日,15:39
共享单车,http://edu.china.com/baike_5YWx5Lqr5Y2V6L2m.html,中华网,2016年10月07日,07:12
共享经济下一站谁动了谁的单车,http://finance.sina.com.cn/roll/2016-09-24/doc-ifxwevww1456080.shtml,新浪财经,2016年09月24日,06:00
戴威:将共享进行到底,http://tv.people.com.cn/n1/2016/0530/c374224-28389345.html,人民网,2016年05月30日,08:00
共享单车行业90天内不可能结束战斗,http://www.jiemian.com/article/1008445.html,界面新闻,2016年12月11日,14:00
共享单车行业迎来新风口 竞争白热化或重走网约车之路,http://www.ocn.com.cn/chanye/201611/xbdln25090752.shtml,中国投资咨询网,2016年11月25日,08:00
凛冬将至 共享单车行业会不会死?,http://www.traveldaily.cn/article/109186,环球旅讯,2016年11月17日,17:49
竞逐最后一公里 共享单车上演跑马圈地,http://news.dayoo.com/ds/201611/30/143449_50500261.htm,大洋网,2016年11月30日,15:00
共享单车上演“三国杀”,http://news.ifeng.com/a/20161123/50300278_0.shtml,凤凰网,2016年11月23日,02:00
共享经济下一站 谁动了谁的单车,http://www.yuncaijing.com/news/view/6542055,云财经,2016年09月24日,00:00
